freq,unit,iccs,geo\TIME_PERIOD	2017 	2021 
A,P_HTHAB,ICCS0101,AL	1.81 	2.16 
A,P_HTHAB,ICCS0101,AL0	1.81 	2.16 
A,P_HTHAB,ICCS0101,AL01	2.30 	2.63 
A,P_HTHAB,ICCS0101,AL011	2.39 	3.52 
A,P_HTHAB,ICCS0101,AL012	2.11 	1.03 
A,P_HTHAB,ICCS0101,AL013	1.26 	1.34 
A,P_HTHAB,ICCS0101,AL014	2.33 	3.31 
A,P_HTHAB,ICCS0101,AL015	2.89 	4.56 
A,P_HTHAB,ICCS0101,AL02	0.96 	1.61 
A,P_HTHAB,ICCS0101,AL021	0.35 	3.38 
A,P_HTHAB,ICCS0101,AL022	1.16 	1.10 
A,P_HTHAB,ICCS0101,AL03	2.43 	2.46 
A,P_HTHAB,ICCS0101,AL031	0.00 	0.00 
A,P_HTHAB,ICCS0101,AL032	1.65 	3.50 
A,P_HTHAB,ICCS0101,AL033	3.03 	3.45 
A,P_HTHAB,ICCS0101,AL034	1.40 	0.49 
A,P_HTHAB,ICCS0101,AL035	6.36 	4.26 
A,P_HTHAB,ICCS0101,AT	0.70 	0.66 
A,P_HTHAB,ICCS0101,AT1	0.73 	0.69 
A,P_HTHAB,ICCS0101,AT11	0.69 	1.01 
A,P_HTHAB,ICCS0101,AT111	0.00 	0.00 
A,P_HTHAB,ICCS0101,AT112	0.00 	1.24 
A,P_HTHAB,ICCS0101,AT113	2.05 	1.03 
A,P_HTHAB,ICCS0101,AT12	0.72 	0.59 
A,P_HTHAB,ICCS0101,AT121	0.00 	0.40 
A,P_HTHAB,ICCS0101,AT122	0.39 	0.38 
A,P_HTHAB,ICCS0101,AT123	3.25 	1.91 
A,P_HTHAB,ICCS0101,AT124	0.91 	0.00 
A,P_HTHAB,ICCS0101,AT125	0.80 	2.39 
A,P_HTHAB,ICCS0101,AT126	0.31 	0.30 
A,P_HTHAB,ICCS0101,AT127	0.59 	0.29 
A,P_HTHAB,ICCS0101,AT13	0.75 	0.73 
A,P_HTHAB,ICCS0101,AT130	0.75 	0.73 
A,P_HTHAB,ICCS0101,AT2	0.61 	0.61 
A,P_HTHAB,ICCS0101,AT21	0.36 	0.71 
A,P_HTHAB,ICCS0101,AT211	0.35 	0.69 
A,P_HTHAB,ICCS0101,AT212	0.00 	1.62 
A,P_HTHAB,ICCS0101,AT213	0.66 	0.00 
A,P_HTHAB,ICCS0101,AT22	0.73 	0.56 
A,P_HTHAB,ICCS0101,AT221	1.15 	1.11 
A,P_HTHAB,ICCS0101,AT222	1.25 	0.00 
A,P_HTHAB,ICCS0101,AT223	0.62 	0.00 
A,P_HTHAB,ICCS0101,AT224	0.38 	0.38 
A,P_HTHAB,ICCS0101,AT225	0.00 	0.51 
A,P_HTHAB,ICCS0101,AT226	0.99 	0.00 
A,P_HTHAB,ICCS0101,AT3	0.70 	0.65 
A,P_HTHAB,ICCS0101,AT31	0.34 	0.53 
A,P_HTHAB,ICCS0101,AT311	0.00 	0.00 
A,P_HTHAB,ICCS0101,AT312	0.34 	0.67 
A,P_HTHAB,ICCS0101,AT313	0.48 	0.48 
A,P_HTHAB,ICCS0101,AT314	0.65 	1.28 
A,P_HTHAB,ICCS0101,AT315	0.42 	0.42 
A,P_HTHAB,ICCS0101,AT32	0.91 	0.54 
A,P_HTHAB,ICCS0101,AT321	0.00 	0.00 
A,P_HTHAB,ICCS0101,AT322	0.00 	0.00 
A,P_HTHAB,ICCS0101,AT323	1.38 	0.81 
A,P_HTHAB,ICCS0101,AT33	0.40 	1.05 
A,P_HTHAB,ICCS0101,AT331	0.00 	3.03 
A,P_HTHAB,ICCS0101,AT332	0.65 	0.96 
A,P_HTHAB,ICCS0101,AT333	0.00 	0.00 
A,P_HTHAB,ICCS0101,AT334	0.00 	1.90 
A,P_HTHAB,ICCS0101,AT335	0.39 	0.77 
A,P_HTHAB,ICCS0101,AT34	2.32 	0.50 
A,P_HTHAB,ICCS0101,AT341	5.50 	1.08 
A,P_HTHAB,ICCS0101,AT342	1.34 	0.33 
A,P_HTHAB,ICCS0101,BA	0.97 	: 
A,P_HTHAB,ICCS0101,BE	1.74 	1.33 
A,P_HTHAB,ICCS0101,BE1	2.25 	1.71 
A,P_HTHAB,ICCS0101,BE10	2.25 	1.71 
A,P_HTHAB,ICCS0101,BE100	2.25 	1.71 
A,P_HTHAB,ICCS0101,BE2	1.18 	0.86 
A,P_HTHAB,ICCS0101,BE21	1.58 	0.85 
A,P_HTHAB,ICCS0101,BE211	1.73 	1.04 
A,P_HTHAB,ICCS0101,BE212	0.88 	0.57 
A,P_HTHAB,ICCS0101,BE213	1.75 	0.64 
A,P_HTHAB,ICCS0101,BE22	0.92 	0.57 
A,P_HTHAB,ICCS0101,BE223	1.97 	1.46 
A,P_HTHAB,ICCS0101,BE224	0.72 	0.24 
A,P_HTHAB,ICCS0101,BE225	0.40 	0.39 
A,P_HTHAB,ICCS0101,BE23	0.73 	1.04 
A,P_HTHAB,ICCS0101,BE231	0.00 	0.34 
A,P_HTHAB,ICCS0101,BE232	1.50 	0.49 
A,P_HTHAB,ICCS0101,BE233	1.19 	1.15 
A,P_HTHAB,ICCS0101,BE234	1.26 	1.59 
A,P_HTHAB,ICCS0101,BE235	0.00 	0.80 
A,P_HTHAB,ICCS0101,BE236	0.00 	1.17 
A,P_HTHAB,ICCS0101,BE24	1.06 	1.12 
A,P_HTHAB,ICCS0101,BE241	1.11 	1.54 
A,P_HTHAB,ICCS0101,BE242	0.99 	0.58 
A,P_HTHAB,ICCS0101,BE25	1.43 	0.58 
A,P_HTHAB,ICCS0101,BE251	1.78 	1.06 
A,P_HTHAB,ICCS0101,BE252	1.95 	0.00 
A,P_HTHAB,ICCS0101,BE253	0.00 	0.00 
A,P_HTHAB,ICCS0101,BE254	2.08 	0.00 
A,P_HTHAB,ICCS0101,BE255	2.56 	1.26 
A,P_HTHAB,ICCS0101,BE256	0.66 	0.00 
A,P_HTHAB,ICCS0101,BE257	0.00 	2.13 
A,P_HTHAB,ICCS0101,BE258	0.00 	0.00 
A,P_HTHAB,ICCS0101,BE3	2.59 	2.07 
A,P_HTHAB,ICCS0101,BE31	0.25 	0.98 
A,P_HTHAB,ICCS0101,BE310	0.25 	0.98 
A,P_HTHAB,ICCS0101,BE32	2.09 	2.30 
A,P_HTHAB,ICCS0101,BE323	2.71 	3.47 
A,P_HTHAB,ICCS0101,BE328	1.79 	0.44 
A,P_HTHAB,ICCS0101,BE329	2.12 	2.12 
A,P_HTHAB,ICCS0101,BE32A	0.00 	0.00 
A,P_HTHAB,ICCS0101,BE32B	2.52 	3.02 
A,P_HTHAB,ICCS0101,BE32C	2.91 	4.73 
A,P_HTHAB,ICCS0101,BE32D	1.09 	1.09 
A,P_HTHAB,ICCS0101,BE33	2.71 	2.96 
A,P_HTHAB,ICCS0101,BE331	3.54 	3.49 
A,P_HTHAB,ICCS0101,BE332	2.88 	3.51 
A,P_HTHAB,ICCS0101,BE334	1.24 	2.43 
A,P_HTHAB,ICCS0101,BE335	3.33 	1.90 
A,P_HTHAB,ICCS0101,BE336	0.00 	1.27 
A,P_HTHAB,ICCS0101,BE34	1.41 	0.69 
A,P_HTHAB,ICCS0101,BE341	1.60 	0.00 
A,P_HTHAB,ICCS0101,BE342	0.00 	1.98 
A,P_HTHAB,ICCS0101,BE343	3.52 	0.00 
A,P_HTHAB,ICCS0101,BE344	0.00 	1.54 
A,P_HTHAB,ICCS0101,BE345	1.87 	0.00 
A,P_HTHAB,ICCS0101,BE35	6.27 	1.20 
A,P_HTHAB,ICCS0101,BE351	2.69 	0.88 
A,P_HTHAB,ICCS0101,BE352	7.93 	1.25 
A,P_HTHAB,ICCS0101,BE353	4.45 	1.48 
A,P_HTHAB,ICCS0101,BEZ	: 	0.00 
A,P_HTHAB,ICCS0101,BEZZ	: 	0.00 
A,P_HTHAB,ICCS0101,BEZZZ	: 	0.00 
A,P_HTHAB,ICCS0101,BG	1.34 	1.29 
A,P_HTHAB,ICCS0101,BG3	1.49 	1.63 
A,P_HTHAB,ICCS0101,BG31	2.47 	2.08 
A,P_HTHAB,ICCS0101,BG311	2.25 	1.23 
A,P_HTHAB,ICCS0101,BG312	1.49 	2.39 
A,P_HTHAB,ICCS0101,BG313	2.37 	2.54 
A,P_HTHAB,ICCS0101,BG314	3.22 	1.29 
A,P_HTHAB,ICCS0101,BG315	2.32 	3.27 
A,P_HTHAB,ICCS0101,BG32	0.99 	1.05 
A,P_HTHAB,ICCS0101,BG321	0.41 	0.44 
A,P_HTHAB,ICCS0101,BG322	0.89 	1.89 
A,P_HTHAB,ICCS0101,BG323	1.79 	0.94 
A,P_HTHAB,ICCS0101,BG324	0.87 	2.73 
A,P_HTHAB,ICCS0101,BG325	0.89 	0.00 
A,P_HTHAB,ICCS0101,BG33	1.17 	1.19 
A,P_HTHAB,ICCS0101,BG331	1.06 	1.06 
A,P_HTHAB,ICCS0101,BG332	1.12 	2.35 
A,P_HTHAB,ICCS0101,BG333	0.57 	0.00 
A,P_HTHAB,ICCS0101,BG334	2.64 	1.82 
A,P_HTHAB,ICCS0101,BG34	1.43 	2.16 
A,P_HTHAB,ICCS0101,BG341	0.97 	1.71 
A,P_HTHAB,ICCS0101,BG342	1.05 	1.10 
A,P_HTHAB,ICCS0101,BG343	0.82 	3.43 
A,P_HTHAB,ICCS0101,BG344	2.49 	2.89 
A,P_HTHAB,ICCS0101,BG4	1.19 	0.95 
A,P_HTHAB,ICCS0101,BG41	1.18 	1.01 
A,P_HTHAB,ICCS0101,BG411	0.91 	1.07 
A,P_HTHAB,ICCS0101,BG412	2.14 	0.84 
A,P_HTHAB,ICCS0101,BG413	1.29 	0.66 
A,P_HTHAB,ICCS0101,BG414	2.42 	1.66 
A,P_HTHAB,ICCS0101,BG415	0.81 	0.86 
A,P_HTHAB,ICCS0101,BG42	1.19 	0.85 
A,P_HTHAB,ICCS0101,BG421	1.04 	0.75 
A,P_HTHAB,ICCS0101,BG422	0.86 	1.34 
A,P_HTHAB,ICCS0101,BG423	1.92 	0.80 
A,P_HTHAB,ICCS0101,BG424	1.83 	0.98 
A,P_HTHAB,ICCS0101,BG425	0.66 	0.62 
A,P_HTHAB,ICCS0101,CH	0.53 	0.48 
A,P_HTHAB,ICCS0101,CH0	0.53 	0.48 
A,P_HTHAB,ICCS0101,CH01	0.68 	0.66 
A,P_HTHAB,ICCS0101,CH011	0.76 	0.49 
A,P_HTHAB,ICCS0101,CH012	0.29 	0.29 
A,P_HTHAB,ICCS0101,CH013	0.82 	1.18 
A,P_HTHAB,ICCS0101,CH02	0.70 	0.32 
A,P_HTHAB,ICCS0101,CH021	0.58 	0.29 
A,P_HTHAB,ICCS0101,CH022	0.32 	0.00 
A,P_HTHAB,ICCS0101,CH023	0.74 	0.72 
A,P_HTHAB,ICCS0101,CH024	2.24 	0.57 
A,P_HTHAB,ICCS0101,CH025	0.00 	0.00 
A,P_HTHAB,ICCS0101,CH03	0.53 	0.59 
A,P_HTHAB,ICCS0101,CH031	1.55 	1.02 
A,P_HTHAB,ICCS0101,CH032	0.35 	0.34 
A,P_HTHAB,ICCS0101,CH033	0.30 	0.58 
A,P_HTHAB,ICCS0101,CH04	0.47 	0.32 
A,P_HTHAB,ICCS0101,CH040	0.47 	0.32 
A,P_HTHAB,ICCS0101,CH05	0.34 	0.84 
A,P_HTHAB,ICCS0101,CH051	0.00 	2.45 
A,P_HTHAB,ICCS0101,CH052	0.00 	3.61 
A,P_HTHAB,ICCS0101,CH053	0.00 	0.00 
A,P_HTHAB,ICCS0101,CH054	0.00 	0.00 
A,P_HTHAB,ICCS0101,CH055	0.60 	0.97 
A,P_HTHAB,ICCS0101,CH056	0.51 	0.00 
A,P_HTHAB,ICCS0101,CH057	0.00 	0.35 
A,P_HTHAB,ICCS0101,CH06	0.38 	0.24 
A,P_HTHAB,ICCS0101,CH061	0.74 	0.48 
A,P_HTHAB,ICCS0101,CH062	0.00 	0.00 
A,P_HTHAB,ICCS0101,CH063	0.00 	0.00 
A,P_HTHAB,ICCS0101,CH064	0.00 	0.00 
A,P_HTHAB,ICCS0101,CH065	0.00 	0.00 
A,P_HTHAB,ICCS0101,CH066	0.00 	0.00 
A,P_HTHAB,ICCS0101,CH07	0.28 	0.28 
A,P_HTHAB,ICCS0101,CH070	0.28 	0.28 
A,P_HTHAB,ICCS0101,CY	0.82 	1.56 
A,P_HTHAB,ICCS0101,CY0	0.82 	1.56 
A,P_HTHAB,ICCS0101,CY00	0.82 	1.56 
A,P_HTHAB,ICCS0101,CY000	0.82 	1.56 
A,P_HTHAB,ICCS0101,CZ	: 	0.43 
A,P_HTHAB,ICCS0101,CZ0	: 	0.43 
A,P_HTHAB,ICCS0101,CZ01	: 	0.52 
A,P_HTHAB,ICCS0101,CZ010	: 	0.52 
A,P_HTHAB,ICCS0101,CZ02	: 	0.07 
A,P_HTHAB,ICCS0101,CZ020	: 	0.07 
A,P_HTHAB,ICCS0101,CZ03	: 	0.73 
A,P_HTHAB,ICCS0101,CZ031	: 	1.09 
A,P_HTHAB,ICCS0101,CZ032	: 	0.34 
A,P_HTHAB,ICCS0101,CZ04	: 	0.72 
A,P_HTHAB,ICCS0101,CZ041	: 	1.02 
A,P_HTHAB,ICCS0101,CZ042	: 	0.61 
A,P_HTHAB,ICCS0101,CZ05	: 	0.26 
A,P_HTHAB,ICCS0101,CZ051	: 	0.68 
A,P_HTHAB,ICCS0101,CZ052	: 	0.18 
A,P_HTHAB,ICCS0101,CZ053	: 	0.00 
A,P_HTHAB,ICCS0101,CZ06	: 	0.53 
A,P_HTHAB,ICCS0101,CZ063	: 	0.59 
A,P_HTHAB,ICCS0101,CZ064	: 	0.50 
A,P_HTHAB,ICCS0101,CZ07	: 	0.33 
A,P_HTHAB,ICCS0101,CZ071	: 	0.32 
A,P_HTHAB,ICCS0101,CZ072	: 	0.34 
A,P_HTHAB,ICCS0101,CZ08	: 	0.34 
A,P_HTHAB,ICCS0101,CZ080	: 	0.34 
A,P_HTHAB,ICCS0101,DE	0.89 	: 
A,P_HTHAB,ICCS0101,DE1	0.78 	: 
A,P_HTHAB,ICCS0101,DE11	0.81 	: 
A,P_HTHAB,ICCS0101,DE111	0.32 	: 
A,P_HTHAB,ICCS0101,DE112	0.00 	: 
A,P_HTHAB,ICCS0101,DE113	0.95 	: 
A,P_HTHAB,ICCS0101,DE114	1.18 	: 
A,P_HTHAB,ICCS0101,DE115	1.67 	: 
A,P_HTHAB,ICCS0101,DE116	0.00 	: 
A,P_HTHAB,ICCS0101,DE117	0.81 	: 
A,P_HTHAB,ICCS0101,DE118	1.18 	: 
A,P_HTHAB,ICCS0101,DE119	3.61 	: 
A,P_HTHAB,ICCS0101,DE11A	0.00 	: 
A,P_HTHAB,ICCS0101,DE11B	1.51 	: 
A,P_HTHAB,ICCS0101,DE11C	1.52 	: 
A,P_HTHAB,ICCS0101,DE11D	0.32 	: 
A,P_HTHAB,ICCS0101,DE12	0.86 	: 
A,P_HTHAB,ICCS0101,DE121	1.84 	: 
A,P_HTHAB,ICCS0101,DE122	0.97 	: 
A,P_HTHAB,ICCS0101,DE123	0.45 	: 
A,P_HTHAB,ICCS0101,DE124	1.31 	: 
A,P_HTHAB,ICCS0101,DE125	1.88 	: 
A,P_HTHAB,ICCS0101,DE126	1.31 	: 
A,P_HTHAB,ICCS0101,DE127	2.09 	: 
A,P_HTHAB,ICCS0101,DE128	0.37 	: 
A,P_HTHAB,ICCS0101,DE129	0.81 	: 
A,P_HTHAB,ICCS0101,DE12A	0.64 	: 
A,P_HTHAB,ICCS0101,DE12B	0.00 	: 
A,P_HTHAB,ICCS0101,DE12C	0.86 	: 
A,P_HTHAB,ICCS0101,DE13	0.71 	: 
A,P_HTHAB,ICCS0101,DE131	1.32 	: 
A,P_HTHAB,ICCS0101,DE132	0.38 	: 
A,P_HTHAB,ICCS0101,DE133	1.23 	: 
A,P_HTHAB,ICCS0101,DE134	0.47 	: 
A,P_HTHAB,ICCS0101,DE135	1.45 	: 
A,P_HTHAB,ICCS0101,DE136	0.48 	: 
A,P_HTHAB,ICCS0101,DE137	0.00 	: 
A,P_HTHAB,ICCS0101,DE138	1.06 	: 
A,P_HTHAB,ICCS0101,DE139	0.00 	: 
A,P_HTHAB,ICCS0101,DE13A	1.18 	: 
A,P_HTHAB,ICCS0101,DE14	0.65 	: 
A,P_HTHAB,ICCS0101,DE141	0.70 	: 
A,P_HTHAB,ICCS0101,DE142	0.00 	: 
A,P_HTHAB,ICCS0101,DE143	0.53 	: 
A,P_HTHAB,ICCS0101,DE144	0.81 	: 
A,P_HTHAB,ICCS0101,DE145	0.00 	: 
A,P_HTHAB,ICCS0101,DE146	1.53 	: 
A,P_HTHAB,ICCS0101,DE147	0.00 	: 
A,P_HTHAB,ICCS0101,DE148	1.07 	: 
A,P_HTHAB,ICCS0101,DE149	1.54 	: 
A,P_HTHAB,ICCS0101,DE2	0.67 	: 
A,P_HTHAB,ICCS0101,DE21	0.52 	: 
A,P_HTHAB,ICCS0101,DE211	0.00 	: 
A,P_HTHAB,ICCS0101,DE212	0.61 	: 
A,P_HTHAB,ICCS0101,DE213	0.00 	: 
A,P_HTHAB,ICCS0101,DE214	0.91 	: 
A,P_HTHAB,ICCS0101,DE215	0.96 	: 
A,P_HTHAB,ICCS0101,DE216	0.00 	: 
A,P_HTHAB,ICCS0101,DE217	0.66 	: 
A,P_HTHAB,ICCS0101,DE218	0.00 	: 
A,P_HTHAB,ICCS0101,DE219	0.76 	: 
A,P_HTHAB,ICCS0101,DE21A	0.00 	: 
A,P_HTHAB,ICCS0101,DE21B	0.57 	: 
A,P_HTHAB,ICCS0101,DE21C	0.46 	: 
A,P_HTHAB,ICCS0101,DE21D	0.00 	: 
A,P_HTHAB,ICCS0101,DE21E	0.00 	: 
A,P_HTHAB,ICCS0101,DE21F	2.02 	: 
A,P_HTHAB,ICCS0101,DE21G	0.88 	: 
A,P_HTHAB,ICCS0101,DE21H	0.29 	: 
A,P_HTHAB,ICCS0101,DE21I	0.00 	: 
A,P_HTHAB,ICCS0101,DE21J	0.00 	: 
A,P_HTHAB,ICCS0101,DE21K	1.55 	: 
A,P_HTHAB,ICCS0101,DE21L	0.00 	: 
A,P_HTHAB,ICCS0101,DE21M	0.00 	: 
A,P_HTHAB,ICCS0101,DE21N	0.75 	: 
A,P_HTHAB,ICCS0101,DE22	1.07 	: 
A,P_HTHAB,ICCS0101,DE221	2.86 	: 
A,P_HTHAB,ICCS0101,DE222	0.00 	: 
A,P_HTHAB,ICCS0101,DE223	0.00 	: 
A,P_HTHAB,ICCS0101,DE224	0.85 	: 
A,P_HTHAB,ICCS0101,DE225	0.00 	: 
A,P_HTHAB,ICCS0101,DE226	0.83 	: 
A,P_HTHAB,ICCS0101,DE227	0.64 	: 
A,P_HTHAB,ICCS0101,DE228	0.53 	: 
A,P_HTHAB,ICCS0101,DE229	0.00 	: 
A,P_HTHAB,ICCS0101,DE22A	1.67 	: 
A,P_HTHAB,ICCS0101,DE22B	1.01 	: 
A,P_HTHAB,ICCS0101,DE22C	4.21 	: 
A,P_HTHAB,ICCS0101,DE23	0.55 	: 
A,P_HTHAB,ICCS0101,DE231	0.00 	: 
A,P_HTHAB,ICCS0101,DE232	1.35 	: 
A,P_HTHAB,ICCS0101,DE233	2.35 	: 
A,P_HTHAB,ICCS0101,DE234	0.00 	: 
A,P_HTHAB,ICCS0101,DE235	0.79 	: 
A,P_HTHAB,ICCS0101,DE236	0.00 	: 
A,P_HTHAB,ICCS0101,DE237	0.00 	: 
A,P_HTHAB,ICCS0101,DE238	0.52 	: 
A,P_HTHAB,ICCS0101,DE239	0.69 	: 
A,P_HTHAB,ICCS0101,DE23A	0.00 	: 
A,P_HTHAB,ICCS0101,DE24	0.66 	: 
A,P_HTHAB,ICCS0101,DE241	0.00 	: 
A,P_HTHAB,ICCS0101,DE242	0.00 	: 
A,P_HTHAB,ICCS0101,DE243	2.43 	: 
A,P_HTHAB,ICCS0101,DE244	2.21 	: 
A,P_HTHAB,ICCS0101,DE245	1.37 	: 
A,P_HTHAB,ICCS0101,DE246	0.00 	: 
A,P_HTHAB,ICCS0101,DE247	0.00 	: 
A,P_HTHAB,ICCS0101,DE248	1.74 	: 
A,P_HTHAB,ICCS0101,DE249	0.00 	: 
A,P_HTHAB,ICCS0101,DE24A	0.00 	: 
A,P_HTHAB,ICCS0101,DE24B	1.39 	: 
A,P_HTHAB,ICCS0101,DE24C	0.00 	: 
A,P_HTHAB,ICCS0101,DE24D	0.00 	: 
A,P_HTHAB,ICCS0101,DE25	0.80 	: 
A,P_HTHAB,ICCS0101,DE251	0.00 	: 
A,P_HTHAB,ICCS0101,DE252	0.00 	: 
A,P_HTHAB,ICCS0101,DE253	0.00 	: 
A,P_HTHAB,ICCS0101,DE254	2.15 	: 
A,P_HTHAB,ICCS0101,DE255	0.00 	: 
A,P_HTHAB,ICCS0101,DE256	0.55 	: 
A,P_HTHAB,ICCS0101,DE257	0.00 	: 
A,P_HTHAB,ICCS0101,DE258	0.86 	: 
A,P_HTHAB,ICCS0101,DE259	0.00 	: 
A,P_HTHAB,ICCS0101,DE25A	0.00 	: 
A,P_HTHAB,ICCS0101,DE25B	0.00 	: 
A,P_HTHAB,ICCS0101,DE25C	1.06 	: 
A,P_HTHAB,ICCS0101,DE26	1.07 	: 
A,P_HTHAB,ICCS0101,DE261	0.00 	: 
A,P_HTHAB,ICCS0101,DE262	0.00 	: 
A,P_HTHAB,ICCS0101,DE263	1.59 	: 
A,P_HTHAB,ICCS0101,DE264	0.58 	: 
A,P_HTHAB,ICCS0101,DE265	0.00 	: 
A,P_HTHAB,ICCS0101,DE266	0.00 	: 
A,P_HTHAB,ICCS0101,DE267	8.30 	: 
A,P_HTHAB,ICCS0101,DE268	2.23 	: 
A,P_HTHAB,ICCS0101,DE269	0.00 	: 
A,P_HTHAB,ICCS0101,DE26A	1.58 	: 
A,P_HTHAB,ICCS0101,DE26B	0.00 	: 
A,P_HTHAB,ICCS0101,DE26C	0.00 	: 
A,P_HTHAB,ICCS0101,DE27	0.48 	: 
A,P_HTHAB,ICCS0101,DE271	1.04 	: 
A,P_HTHAB,ICCS0101,DE272	2.32 	: 
A,P_HTHAB,ICCS0101,DE273	0.00 	: 
A,P_HTHAB,ICCS0101,DE274	0.00 	: 
A,P_HTHAB,ICCS0101,DE275	0.00 	: 
A,P_HTHAB,ICCS0101,DE276	0.81 	: 
A,P_HTHAB,ICCS0101,DE277	0.00 	: 
A,P_HTHAB,ICCS0101,DE278	0.00 	: 
A,P_HTHAB,ICCS0101,DE279	1.17 	: 
A,P_HTHAB,ICCS0101,DE27A	0.00 	: 
A,P_HTHAB,ICCS0101,DE27B	0.00 	: 
A,P_HTHAB,ICCS0101,DE27C	0.00 	: 
A,P_HTHAB,ICCS0101,DE27D	0.76 	: 
A,P_HTHAB,ICCS0101,DE27E	0.00 	: 
A,P_HTHAB,ICCS0101,DE3	1.26 	: 
A,P_HTHAB,ICCS0101,DE30	1.26 	: 
A,P_HTHAB,ICCS0101,DE300	1.26 	: 
A,P_HTHAB,ICCS0101,DE4	0.96 	: 
A,P_HTHAB,ICCS0101,DE40	0.96 	: 
A,P_HTHAB,ICCS0101,DE401	0.00 	: 
A,P_HTHAB,ICCS0101,DE402	1.00 	: 
A,P_HTHAB,ICCS0101,DE403	0.00 	: 
A,P_HTHAB,ICCS0101,DE404	1.75 	: 
A,P_HTHAB,ICCS0101,DE405	0.56 	: 
A,P_HTHAB,ICCS0101,DE406	1.20 	: 
A,P_HTHAB,ICCS0101,DE407	0.96 	: 
A,P_HTHAB,ICCS0101,DE408	1.88 	: 
A,P_HTHAB,ICCS0101,DE409	0.00 	: 
A,P_HTHAB,ICCS0101,DE40A	1.44 	: 
A,P_HTHAB,ICCS0101,DE40B	0.89 	: 
A,P_HTHAB,ICCS0101,DE40C	2.24 	: 
A,P_HTHAB,ICCS0101,DE40D	0.00 	: 
A,P_HTHAB,ICCS0101,DE40E	0.94 	: 
A,P_HTHAB,ICCS0101,DE40F	0.00 	: 
A,P_HTHAB,ICCS0101,DE40G	0.86 	: 
A,P_HTHAB,ICCS0101,DE40H	0.61 	: 
A,P_HTHAB,ICCS0101,DE40I	0.83 	: 
A,P_HTHAB,ICCS0101,DE5	0.74 	: 
A,P_HTHAB,ICCS0101,DE50	0.74 	: 
A,P_HTHAB,ICCS0101,DE501	0.88 	: 
A,P_HTHAB,ICCS0101,DE502	0.00 	: 
A,P_HTHAB,ICCS0101,DE6	0.83 	: 
A,P_HTHAB,ICCS0101,DE60	0.83 	: 
A,P_HTHAB,ICCS0101,DE600	0.83 	: 
A,P_HTHAB,ICCS0101,DE7	0.90 	: 
A,P_HTHAB,ICCS0101,DE71	0.89 	: 
A,P_HTHAB,ICCS0101,DE711	0.00 	: 
A,P_HTHAB,ICCS0101,DE712	1.36 	: 
A,P_HTHAB,ICCS0101,DE713	0.80 	: 
A,P_HTHAB,ICCS0101,DE714	0.00 	: 
A,P_HTHAB,ICCS0101,DE715	0.00 	: 
A,P_HTHAB,ICCS0101,DE716	1.02 	: 
A,P_HTHAB,ICCS0101,DE717	0.74 	: 
A,P_HTHAB,ICCS0101,DE718	1.70 	: 
A,P_HTHAB,ICCS0101,DE719	0.48 	: 
A,P_HTHAB,ICCS0101,DE71A	0.42 	: 
A,P_HTHAB,ICCS0101,DE71B	0.00 	: 
A,P_HTHAB,ICCS0101,DE71C	1.14 	: 
A,P_HTHAB,ICCS0101,DE71D	0.00 	: 
A,P_HTHAB,ICCS0101,DE71E	2.63 	: 
A,P_HTHAB,ICCS0101,DE72	0.96 	: 
A,P_HTHAB,ICCS0101,DE721	1.13 	: 
A,P_HTHAB,ICCS0101,DE722	0.79 	: 
A,P_HTHAB,ICCS0101,DE723	0.58 	: 
A,P_HTHAB,ICCS0101,DE724	0.82 	: 
A,P_HTHAB,ICCS0101,DE725	1.87 	: 
A,P_HTHAB,ICCS0101,DE73	0.90 	: 
A,P_HTHAB,ICCS0101,DE731	1.51 	: 
A,P_HTHAB,ICCS0101,DE732	1.36 	: 
A,P_HTHAB,ICCS0101,DE733	2.48 	: 
A,P_HTHAB,ICCS0101,DE734	0.84 	: 
A,P_HTHAB,ICCS0101,DE735	0.00 	: 
A,P_HTHAB,ICCS0101,DE736	0.00 	: 
A,P_HTHAB,ICCS0101,DE737	0.00 	: 
A,P_HTHAB,ICCS0101,DE8	0.43 	: 
A,P_HTHAB,ICCS0101,DE80	0.43 	: 
A,P_HTHAB,ICCS0101,DE803	0.48 	: 
A,P_HTHAB,ICCS0101,DE804	0.00 	: 
A,P_HTHAB,ICCS0101,DE80J	0.76 	: 
A,P_HTHAB,ICCS0101,DE80K	0.00 	: 
A,P_HTHAB,ICCS0101,DE80L	0.89 	: 
A,P_HTHAB,ICCS0101,DE80M	0.00 	: 
A,P_HTHAB,ICCS0101,DE80N	0.00 	: 
A,P_HTHAB,ICCS0101,DE80O	0.94 	: 
A,P_HTHAB,ICCS0101,DE9	2.18 	: 
A,P_HTHAB,ICCS0101,DE91	0.94 	: 
A,P_HTHAB,ICCS0101,DE911	0.80 	: 
A,P_HTHAB,ICCS0101,DE912	0.96 	: 
A,P_HTHAB,ICCS0101,DE913	2.42 	: 
A,P_HTHAB,ICCS0101,DE914	0.57 	: 
A,P_HTHAB,ICCS0101,DE916	0.00 	: 
A,P_HTHAB,ICCS0101,DE917	1.09 	: 
A,P_HTHAB,ICCS0101,DE918	2.25 	: 
A,P_HTHAB,ICCS0101,DE91A	0.00 	: 
A,P_HTHAB,ICCS0101,DE91B	0.00 	: 
A,P_HTHAB,ICCS0101,DE91C	1.22 	: 
A,P_HTHAB,ICCS0101,DE92	0.89 	: 
A,P_HTHAB,ICCS0101,DE922	0.93 	: 
A,P_HTHAB,ICCS0101,DE923	1.35 	: 
A,P_HTHAB,ICCS0101,DE925	0.72 	: 
A,P_HTHAB,ICCS0101,DE926	0.00 	: 
A,P_HTHAB,ICCS0101,DE927	0.82 	: 
A,P_HTHAB,ICCS0101,DE928	0.63 	: 
A,P_HTHAB,ICCS0101,DE929	0.96 	: 
A,P_HTHAB,ICCS0101,DE93	1.53 	: 
A,P_HTHAB,ICCS0101,DE931	1.68 	: 
A,P_HTHAB,ICCS0101,DE932	1.51 	: 
A,P_HTHAB,ICCS0101,DE933	0.00 	: 
A,P_HTHAB,ICCS0101,DE934	2.05 	: 
A,P_HTHAB,ICCS0101,DE935	0.55 	: 
A,P_HTHAB,ICCS0101,DE936	0.89 	: 
A,P_HTHAB,ICCS0101,DE937	1.22 	: 
A,P_HTHAB,ICCS0101,DE938	2.86 	: 
A,P_HTHAB,ICCS0101,DE939	2.98 	: 
A,P_HTHAB,ICCS0101,DE93A	2.15 	: 
A,P_HTHAB,ICCS0101,DE93B	2.21 	: 
A,P_HTHAB,ICCS0101,DE94	4.51 	: 
A,P_HTHAB,ICCS0101,DE941	63.60 	: 
A,P_HTHAB,ICCS0101,DE942	0.00 	: 
A,P_HTHAB,ICCS0101,DE943	28.36 	: 
A,P_HTHAB,ICCS0101,DE944	1.22 	: 
A,P_HTHAB,ICCS0101,DE945	1.31 	: 
A,P_HTHAB,ICCS0101,DE946	0.00 	: 
A,P_HTHAB,ICCS0101,DE947	1.05 	: 
A,P_HTHAB,ICCS0101,DE948	1.21 	: 
A,P_HTHAB,ICCS0101,DE949	0.31 	: 
A,P_HTHAB,ICCS0101,DE94A	2.03 	: 
A,P_HTHAB,ICCS0101,DE94B	2.21 	: 
A,P_HTHAB,ICCS0101,DE94C	1.19 	: 
A,P_HTHAB,ICCS0101,DE94D	0.77 	: 
A,P_HTHAB,ICCS0101,DE94E	0.28 	: 
A,P_HTHAB,ICCS0101,DE94F	0.00 	: 
A,P_HTHAB,ICCS0101,DE94G	0.00 	: 
A,P_HTHAB,ICCS0101,DE94H	0.00 	: 
A,P_HTHAB,ICCS0101,DEA	0.63 	: 
A,P_HTHAB,ICCS0101,DEA1	0.73 	: 
A,P_HTHAB,ICCS0101,DEA11	0.82 	: 
A,P_HTHAB,ICCS0101,DEA12	1.40 	: 
A,P_HTHAB,ICCS0101,DEA13	1.20 	: 
A,P_HTHAB,ICCS0101,DEA14	0.88 	: 
A,P_HTHAB,ICCS0101,DEA15	0.77 	: 
A,P_HTHAB,ICCS0101,DEA16	1.76 	: 
A,P_HTHAB,ICCS0101,DEA17	0.47 	: 
A,P_HTHAB,ICCS0101,DEA18	0.00 	: 
A,P_HTHAB,ICCS0101,DEA19	0.00 	: 
A,P_HTHAB,ICCS0101,DEA1A	0.57 	: 
A,P_HTHAB,ICCS0101,DEA1B	0.64 	: 
A,P_HTHAB,ICCS0101,DEA1C	0.21 	: 
A,P_HTHAB,ICCS0101,DEA1D	0.22 	: 
A,P_HTHAB,ICCS0101,DEA1E	0.67 	: 
A,P_HTHAB,ICCS0101,DEA1F	0.65 	: 
A,P_HTHAB,ICCS0101,DEA2	0.68 	: 
A,P_HTHAB,ICCS0101,DEA22	1.55 	: 
A,P_HTHAB,ICCS0101,DEA23	0.37 	: 
A,P_HTHAB,ICCS0101,DEA24	0.00 	: 
A,P_HTHAB,ICCS0101,DEA26	0.38 	: 
A,P_HTHAB,ICCS0101,DEA27	1.29 	: 
A,P_HTHAB,ICCS0101,DEA28	0.52 	: 
A,P_HTHAB,ICCS0101,DEA29	0.40 	: 
A,P_HTHAB,ICCS0101,DEA2A	0.00 	: 
A,P_HTHAB,ICCS0101,DEA2B	0.71 	: 
A,P_HTHAB,ICCS0101,DEA2C	0.50 	: 
A,P_HTHAB,ICCS0101,DEA2D	1.27 	: 
A,P_HTHAB,ICCS0101,DEA3	0.61 	: 
A,P_HTHAB,ICCS0101,DEA31	0.00 	: 
A,P_HTHAB,ICCS0101,DEA32	1.14 	: 
A,P_HTHAB,ICCS0101,DEA33	0.96 	: 
A,P_HTHAB,ICCS0101,DEA34	0.54 	: 
A,P_HTHAB,ICCS0101,DEA35	0.91 	: 
A,P_HTHAB,ICCS0101,DEA36	0.32 	: 
A,P_HTHAB,ICCS0101,DEA37	0.45 	: 
A,P_HTHAB,ICCS0101,DEA38	0.72 	: 
A,P_HTHAB,ICCS0101,DEA4	0.39 	: 
A,P_HTHAB,ICCS0101,DEA41	0.30 	: 
A,P_HTHAB,ICCS0101,DEA42	0.00 	: 
A,P_HTHAB,ICCS0101,DEA43	0.00 	: 
A,P_HTHAB,ICCS0101,DEA44	1.41 	: 
A,P_HTHAB,ICCS0101,DEA45	0.29 	: 
A,P_HTHAB,ICCS0101,DEA46	0.96 	: 
A,P_HTHAB,ICCS0101,DEA47	0.33 	: 
A,P_HTHAB,ICCS0101,DEA5	0.59 	: 
A,P_HTHAB,ICCS0101,DEA51	1.10 	: 
A,P_HTHAB,ICCS0101,DEA52	0.17 	: 
A,P_HTHAB,ICCS0101,DEA53	0.00 	: 
A,P_HTHAB,ICCS0101,DEA54	0.56 	: 
A,P_HTHAB,ICCS0101,DEA55	1.28 	: 
A,P_HTHAB,ICCS0101,DEA56	0.61 	: 
A,P_HTHAB,ICCS0101,DEA57	1.53 	: 
A,P_HTHAB,ICCS0101,DEA58	0.24 	: 
A,P_HTHAB,ICCS0101,DEA59	0.74 	: 
A,P_HTHAB,ICCS0101,DEA5A	0.36 	: 
A,P_HTHAB,ICCS0101,DEA5B	0.00 	: 
A,P_HTHAB,ICCS0101,DEA5C	1.02 	: 
A,P_HTHAB,ICCS0101,DEB	0.66 	: 
A,P_HTHAB,ICCS0101,DEB1	0.34 	: 
A,P_HTHAB,ICCS0101,DEB11	0.00 	: 
A,P_HTHAB,ICCS0101,DEB12	0.78 	: 
A,P_HTHAB,ICCS0101,DEB13	0.78 	: 
A,P_HTHAB,ICCS0101,DEB14	0.00 	: 
A,P_HTHAB,ICCS0101,DEB15	0.00 	: 
A,P_HTHAB,ICCS0101,DEB17	0.00 	: 
A,P_HTHAB,ICCS0101,DEB18	1.10 	: 
A,P_HTHAB,ICCS0101,DEB1A	0.82 	: 
A,P_HTHAB,ICCS0101,DEB1B	0.00 	: 
A,P_HTHAB,ICCS0101,DEB1C	0.00 	: 
A,P_HTHAB,ICCS0101,DEB1D	0.00 	: 
A,P_HTHAB,ICCS0101,DEB2	0.95 	: 
A,P_HTHAB,ICCS0101,DEB21	2.72 	: 
A,P_HTHAB,ICCS0101,DEB22	0.89 	: 
A,P_HTHAB,ICCS0101,DEB23	0.00 	: 
A,P_HTHAB,ICCS0101,DEB24	1.65 	: 
A,P_HTHAB,ICCS0101,DEB25	0.00 	: 
A,P_HTHAB,ICCS0101,DEB3	0.83 	: 
A,P_HTHAB,ICCS0101,DEB31	0.00 	: 
A,P_HTHAB,ICCS0101,DEB32	1.01 	: 
A,P_HTHAB,ICCS0101,DEB33	2.17 	: 
A,P_HTHAB,ICCS0101,DEB34	1.20 	: 
A,P_HTHAB,ICCS0101,DEB35	0.94 	: 
A,P_HTHAB,ICCS0101,DEB36	0.00 	: 
A,P_HTHAB,ICCS0101,DEB37	0.00 	: 
A,P_HTHAB,ICCS0101,DEB38	0.00 	: 
A,P_HTHAB,ICCS0101,DEB39	0.00 	: 
A,P_HTHAB,ICCS0101,DEB3A	0.00 	: 
A,P_HTHAB,ICCS0101,DEB3B	0.00 	: 
A,P_HTHAB,ICCS0101,DEB3C	3.76 	: 
A,P_HTHAB,ICCS0101,DEB3D	0.00 	: 
A,P_HTHAB,ICCS0101,DEB3E	0.78 	: 
A,P_HTHAB,ICCS0101,DEB3F	0.00 	: 
A,P_HTHAB,ICCS0101,DEB3G	0.00 	: 
A,P_HTHAB,ICCS0101,DEB3H	1.80 	: 
A,P_HTHAB,ICCS0101,DEB3I	0.00 	: 
A,P_HTHAB,ICCS0101,DEB3J	1.43 	: 
A,P_HTHAB,ICCS0101,DEB3K	0.00 	: 
A,P_HTHAB,ICCS0101,DEC	0.80 	: 
A,P_HTHAB,ICCS0101,DEC0	0.80 	: 
A,P_HTHAB,ICCS0101,DEC01	1.52 	: 
A,P_HTHAB,ICCS0101,DEC02	1.92 	: 
A,P_HTHAB,ICCS0101,DEC03	0.00 	: 
A,P_HTHAB,ICCS0101,DEC04	0.00 	: 
A,P_HTHAB,ICCS0101,DEC05	0.69 	: 
A,P_HTHAB,ICCS0101,DEC06	0.00 	: 
A,P_HTHAB,ICCS0101,DED	0.76 	: 
A,P_HTHAB,ICCS0101,DED2	0.75 	: 
A,P_HTHAB,ICCS0101,DED21	0.55 	: 
A,P_HTHAB,ICCS0101,DED2C	0.98 	: 
A,P_HTHAB,ICCS0101,DED2D	0.77 	: 
A,P_HTHAB,ICCS0101,DED2E	0.41 	: 
A,P_HTHAB,ICCS0101,DED2F	1.22 	: 
A,P_HTHAB,ICCS0101,DED4	0.48 	: 
A,P_HTHAB,ICCS0101,DED41	1.22 	: 
A,P_HTHAB,ICCS0101,DED42	0.00 	: 
A,P_HTHAB,ICCS0101,DED43	0.00 	: 
A,P_HTHAB,ICCS0101,DED44	1.30 	: 
A,P_HTHAB,ICCS0101,DED45	0.31 	: 
A,P_HTHAB,ICCS0101,DED5	1.17 	: 
A,P_HTHAB,ICCS0101,DED51	1.75 	: 
A,P_HTHAB,ICCS0101,DED52	0.39 	: 
A,P_HTHAB,ICCS0101,DED53	0.50 	: 
A,P_HTHAB,ICCS0101,DEE	1.12 	: 
A,P_HTHAB,ICCS0101,DEE0	1.12 	: 
A,P_HTHAB,ICCS0101,DEE01	3.64 	: 
A,P_HTHAB,ICCS0101,DEE02	0.84 	: 
A,P_HTHAB,ICCS0101,DEE03	2.10 	: 
A,P_HTHAB,ICCS0101,DEE04	0.00 	: 
A,P_HTHAB,ICCS0101,DEE05	0.61 	: 
A,P_HTHAB,ICCS0101,DEE06	2.19 	: 
A,P_HTHAB,ICCS0101,DEE07	1.16 	: 
A,P_HTHAB,ICCS0101,DEE08	1.09 	: 
A,P_HTHAB,ICCS0101,DEE09	0.91 	: 
A,P_HTHAB,ICCS0101,DEE0A	0.00 	: 
A,P_HTHAB,ICCS0101,DEE0B	1.08 	: 
A,P_HTHAB,ICCS0101,DEE0C	1.03 	: 
A,P_HTHAB,ICCS0101,DEE0D	0.00 	: 
A,P_HTHAB,ICCS0101,DEE0E	1.57 	: 
A,P_HTHAB,ICCS0101,DEF	0.76 	: 
A,P_HTHAB,ICCS0101,DEF0	0.76 	: 
A,P_HTHAB,ICCS0101,DEF01	1.14 	: 
A,P_HTHAB,ICCS0101,DEF02	0.40 	: 
A,P_HTHAB,ICCS0101,DEF03	1.85 	: 
A,P_HTHAB,ICCS0101,DEF04	0.00 	: 
A,P_HTHAB,ICCS0101,DEF05	2.25 	: 
A,P_HTHAB,ICCS0101,DEF06	1.03 	: 
A,P_HTHAB,ICCS0101,DEF07	0.00 	: 
A,P_HTHAB,ICCS0101,DEF08	0.50 	: 
A,P_HTHAB,ICCS0101,DEF09	0.97 	: 
A,P_HTHAB,ICCS0101,DEF0A	0.00 	: 
A,P_HTHAB,ICCS0101,DEF0B	0.37 	: 
A,P_HTHAB,ICCS0101,DEF0C	0.50 	: 
A,P_HTHAB,ICCS0101,DEF0D	1.10 	: 
A,P_HTHAB,ICCS0101,DEF0E	0.00 	: 
A,P_HTHAB,ICCS0101,DEF0F	0.83 	: 
A,P_HTHAB,ICCS0101,DEG	0.65 	: 
A,P_HTHAB,ICCS0101,DEG0	0.65 	: 
A,P_HTHAB,ICCS0101,DEG01	0.00 	: 
A,P_HTHAB,ICCS0101,DEG02	0.00 	: 
A,P_HTHAB,ICCS0101,DEG03	0.00 	: 
A,P_HTHAB,ICCS0101,DEG04	0.00 	: 
A,P_HTHAB,ICCS0101,DEG05	0.00 	: 
A,P_HTHAB,ICCS0101,DEG06	0.00 	: 
A,P_HTHAB,ICCS0101,DEG07	3.53 	: 
A,P_HTHAB,ICCS0101,DEG09	1.92 	: 
A,P_HTHAB,ICCS0101,DEG0A	0.00 	: 
A,P_HTHAB,ICCS0101,DEG0B	0.00 	: 
A,P_HTHAB,ICCS0101,DEG0C	1.48 	: 
A,P_HTHAB,ICCS0101,DEG0D	0.00 	: 
A,P_HTHAB,ICCS0101,DEG0E	4.66 	: 
A,P_HTHAB,ICCS0101,DEG0F	0.92 	: 
A,P_HTHAB,ICCS0101,DEG0G	0.00 	: 
A,P_HTHAB,ICCS0101,DEG0H	0.00 	: 
A,P_HTHAB,ICCS0101,DEG0I	1.85 	: 
A,P_HTHAB,ICCS0101,DEG0J	0.00 	: 
A,P_HTHAB,ICCS0101,DEG0K	0.00 	: 
A,P_HTHAB,ICCS0101,DEG0L	0.00 	: 
A,P_HTHAB,ICCS0101,DEG0M	0.00 	: 
A,P_HTHAB,ICCS0101,DEG0N	0.00 	: 
A,P_HTHAB,ICCS0101,DEG0P	0.80 	: 
A,P_HTHAB,ICCS0101,DEZ	0.00 	: 
A,P_HTHAB,ICCS0101,DEZZ	0.00 	: 
A,P_HTHAB,ICCS0101,DEZZZ	0.00 	: 
A,P_HTHAB,ICCS0101,DK	1.06 	0.72 
A,P_HTHAB,ICCS0101,DK0	1.01 	0.72 
A,P_HTHAB,ICCS0101,DK01	1.11 	0.92 
A,P_HTHAB,ICCS0101,DK011	2.09 	0.50 
A,P_HTHAB,ICCS0101,DK012	0.74 	1.27 
A,P_HTHAB,ICCS0101,DK013	0.00 	1.29 
A,P_HTHAB,ICCS0101,DK014	0.00 	0.00 
A,P_HTHAB,ICCS0101,DK02	0.84 	0.48 
A,P_HTHAB,ICCS0101,DK021	0.41 	0.79 
A,P_HTHAB,ICCS0101,DK022	1.02 	0.34 
A,P_HTHAB,ICCS0101,DK03	0.90 	0.49 
A,P_HTHAB,ICCS0101,DK031	0.20 	0.40 
A,P_HTHAB,ICCS0101,DK032	1.38 	0.55 
A,P_HTHAB,ICCS0101,DK04	0.69 	0.75 
A,P_HTHAB,ICCS0101,DK041	0.00 	0.47 
A,P_HTHAB,ICCS0101,DK042	1.03 	0.88 
A,P_HTHAB,ICCS0101,DK05	1.87 	0.85 
A,P_HTHAB,ICCS0101,DK050	1.87 	0.85 
A,P_HTHAB,ICCS0101,DKZ	0.05 	0.00 
A,P_HTHAB,ICCS0101,DKZZ	0.05 	0.00 
A,P_HTHAB,ICCS0101,DKZZZ	0.05 	0.00 
A,P_HTHAB,ICCS0101,EE	: 	1.35 
A,P_HTHAB,ICCS0101,EE0	: 	1.35 
A,P_HTHAB,ICCS0101,EE00	: 	1.35 
A,P_HTHAB,ICCS0101,EE001	: 	1.47 
A,P_HTHAB,ICCS0101,EE004	: 	0.67 
A,P_HTHAB,ICCS0101,EE008	: 	1.27 
A,P_HTHAB,ICCS0101,EE009	: 	0.82 
A,P_HTHAB,ICCS0101,EE00A	: 	2.27 
A,P_HTHAB,ICCS0101,EEZ	: 	0.00 
A,P_HTHAB,ICCS0101,EEZZ	: 	0.00 
A,P_HTHAB,ICCS0101,EEZZZ	: 	0.00 
A,P_HTHAB,ICCS0101,EL	0.72 	0.83 
A,P_HTHAB,ICCS0101,EL3	0.93 	0.91 
A,P_HTHAB,ICCS0101,EL30	0.93 	0.91 
A,P_HTHAB,ICCS0101,EL300	0.93 	0.91 
A,P_HTHAB,ICCS0101,EL4	1.02 	0.74 
A,P_HTHAB,ICCS0101,EL41	0.98 	0.00 
A,P_HTHAB,ICCS0101,EL411	0.94 	0.00 
A,P_HTHAB,ICCS0101,EL412	2.30 	0.00 
A,P_HTHAB,ICCS0101,EL413	0.00 	0.00 
A,P_HTHAB,ICCS0101,EL42	0.00 	0.86 
A,P_HTHAB,ICCS0101,EL421	0.00 	0.45 
A,P_HTHAB,ICCS0101,EL422	0.00 	1.58 
A,P_HTHAB,ICCS0101,EL43	1.58 	0.94 
A,P_HTHAB,ICCS0101,EL431	1.60 	0.63 
A,P_HTHAB,ICCS0101,EL432	1.34 	1.36 
A,P_HTHAB,ICCS0101,EL433	2.29 	1.14 
A,P_HTHAB,ICCS0101,EL434	1.26 	1.25 
A,P_HTHAB,ICCS0101,EL5	0.49 	0.75 
A,P_HTHAB,ICCS0101,EL51	0.66 	0.34 
A,P_HTHAB,ICCS0101,EL511	0.68 	1.36 
A,P_HTHAB,ICCS0101,EL512	0.89 	0.00 
A,P_HTHAB,ICCS0101,EL513	0.90 	0.00 
A,P_HTHAB,ICCS0101,EL514	1.03 	0.00 
A,P_HTHAB,ICCS0101,EL515	0.00 	0.00 
A,P_HTHAB,ICCS0101,EL52	0.37 	0.70 
A,P_HTHAB,ICCS0101,EL521	0.00 	0.00 
A,P_HTHAB,ICCS0101,EL522	0.36 	0.73 
A,P_HTHAB,ICCS0101,EL523	0.00 	2.51 
A,P_HTHAB,ICCS0101,EL524	0.72 	0.00 
A,P_HTHAB,ICCS0101,EL525	0.76 	1.52 
A,P_HTHAB,ICCS0101,EL526	0.59 	0.61 
A,P_HTHAB,ICCS0101,EL527	0.00 	0.00 
A,P_HTHAB,ICCS0101,EL53	0.74 	1.53 
A,P_HTHAB,ICCS0101,EL531	0.00 	2.38 
A,P_HTHAB,ICCS0101,EL532	2.10 	0.00 
A,P_HTHAB,ICCS0101,EL533	1.99 	0.00 
A,P_HTHAB,ICCS0101,EL54	0.60 	1.21 
A,P_HTHAB,ICCS0101,EL541	0.82 	0.84 
A,P_HTHAB,ICCS0101,EL542	2.22 	0.00 
A,P_HTHAB,ICCS0101,EL543	0.00 	1.80 
A,P_HTHAB,ICCS0101,EL6	0.59 	0.86 
A,P_HTHAB,ICCS0101,EL61	0.41 	1.13 
A,P_HTHAB,ICCS0101,EL611	0.84 	0.00 
A,P_HTHAB,ICCS0101,EL612	0.00 	1.08 
A,P_HTHAB,ICCS0101,EL613	0.49 	2.49 
A,P_HTHAB,ICCS0101,EL62	1.46 	0.99 
A,P_HTHAB,ICCS0101,EL621	5.01 	2.53 
A,P_HTHAB,ICCS0101,EL622	0.97 	0.99 
A,P_HTHAB,ICCS0101,EL623	0.00 	0.00 
A,P_HTHAB,ICCS0101,EL624	0.00 	0.00 
A,P_HTHAB,ICCS0101,EL63	0.30 	0.62 
A,P_HTHAB,ICCS0101,EL631	0.00 	1.01 
A,P_HTHAB,ICCS0101,EL632	0.33 	0.34 
A,P_HTHAB,ICCS0101,EL633	0.64 	0.65 
A,P_HTHAB,ICCS0101,EL64	0.90 	0.72 
A,P_HTHAB,ICCS0101,EL641	0.83 	0.82 
A,P_HTHAB,ICCS0101,EL642	0.00 	0.47 
A,P_HTHAB,ICCS0101,EL643	0.00 	0.00 
A,P_HTHAB,ICCS0101,EL644	2.50 	1.27 
A,P_HTHAB,ICCS0101,EL645	0.00 	0.00 
A,P_HTHAB,ICCS0101,EL65	0.52 	0.88 
A,P_HTHAB,ICCS0101,EL651	0.00 	0.57 
A,P_HTHAB,ICCS0101,EL652	0.00 	0.00 
A,P_HTHAB,ICCS0101,EL653	1.20 	1.62 
A,P_HTHAB,ICCS0101,ES	0.66 	0.61 
A,P_HTHAB,ICCS0101,ES1	0.49 	0.54 
A,P_HTHAB,ICCS0101,ES11	0.48 	0.67 
A,P_HTHAB,ICCS0101,ES111	0.62 	0.62 
A,P_HTHAB,ICCS0101,ES112	0.00 	0.31 
A,P_HTHAB,ICCS0101,ES113	0.64 	1.31 
A,P_HTHAB,ICCS0101,ES114	0.42 	0.64 
A,P_HTHAB,ICCS0101,ES12	0.48 	0.10 
A,P_HTHAB,ICCS0101,ES120	0.48 	0.10 
A,P_HTHAB,ICCS0101,ES13	0.52 	0.69 
A,P_HTHAB,ICCS0101,ES130	0.52 	0.69 
A,P_HTHAB,ICCS0101,ES2	0.45 	0.47 
A,P_HTHAB,ICCS0101,ES21	0.23 	0.50 
A,P_HTHAB,ICCS0101,ES211	0.31 	0.61 
A,P_HTHAB,ICCS0101,ES212	0.14 	0.42 
A,P_HTHAB,ICCS0101,ES213	0.26 	0.53 
A,P_HTHAB,ICCS0101,ES22	1.09 	0.30 
A,P_HTHAB,ICCS0101,ES220	1.09 	0.30 
A,P_HTHAB,ICCS0101,ES23	0.00 	0.95 
A,P_HTHAB,ICCS0101,ES230	0.00 	0.95 
A,P_HTHAB,ICCS0101,ES24	0.61 	0.38 
A,P_HTHAB,ICCS0101,ES241	1.37 	0.45 
A,P_HTHAB,ICCS0101,ES242	2.22 	0.00 
A,P_HTHAB,ICCS0101,ES243	0.21 	0.41 
A,P_HTHAB,ICCS0101,ES3	0.60 	0.55 
A,P_HTHAB,ICCS0101,ES30	0.60 	0.55 
A,P_HTHAB,ICCS0101,ES300	0.60 	0.55 
A,P_HTHAB,ICCS0101,ES4	0.59 	0.49 
A,P_HTHAB,ICCS0101,ES41	0.53 	0.54 
A,P_HTHAB,ICCS0101,ES411	0.62 	0.00 
A,P_HTHAB,ICCS0101,ES412	0.00 	0.00 
A,P_HTHAB,ICCS0101,ES413	0.43 	1.10 
A,P_HTHAB,ICCS0101,ES414	0.00 	1.26 
A,P_HTHAB,ICCS0101,ES415	0.89 	0.31 
A,P_HTHAB,ICCS0101,ES416	0.64 	1.30 
A,P_HTHAB,ICCS0101,ES417	0.00 	1.12 
A,P_HTHAB,ICCS0101,ES418	0.96 	0.39 
A,P_HTHAB,ICCS0101,ES419	0.56 	0.00 
A,P_HTHAB,ICCS0101,ES42	0.59 	0.49 
A,P_HTHAB,ICCS0101,ES421	0.51 	0.26 
A,P_HTHAB,ICCS0101,ES422	1.19 	0.41 
A,P_HTHAB,ICCS0101,ES423	0.00 	0.50 
A,P_HTHAB,ICCS0101,ES424	0.00 	0.38 
A,P_HTHAB,ICCS0101,ES425	0.58 	0.71 
A,P_HTHAB,ICCS0101,ES43	0.74 	0.38 
A,P_HTHAB,ICCS0101,ES431	0.74 	0.45 
A,P_HTHAB,ICCS0101,ES432	0.75 	0.26 
A,P_HTHAB,ICCS0101,ES5	0.81 	0.68 
A,P_HTHAB,ICCS0101,ES51	0.87 	0.70 
A,P_HTHAB,ICCS0101,ES511	0.90 	0.64 
A,P_HTHAB,ICCS0101,ES512	0.67 	0.78 
A,P_HTHAB,ICCS0101,ES513	1.17 	0.46 
A,P_HTHAB,ICCS0101,ES514	0.76 	1.22 
A,P_HTHAB,ICCS0101,ES52	0.83 	0.69 
A,P_HTHAB,ICCS0101,ES521	0.54 	0.53 
A,P_HTHAB,ICCS0101,ES522	0.88 	0.52 
A,P_HTHAB,ICCS0101,ES523	1.03 	0.85 
A,P_HTHAB,ICCS0101,ES53	0.35 	0.49 
A,P_HTHAB,ICCS0101,ES531	1.23 	0.58 
A,P_HTHAB,ICCS0101,ES532	0.22 	0.53 
A,P_HTHAB,ICCS0101,ES533	0.00 	0.00 
A,P_HTHAB,ICCS0101,ES6	0.64 	0.70 
A,P_HTHAB,ICCS0101,ES61	0.58 	0.65 
A,P_HTHAB,ICCS0101,ES611	0.71 	1.11 
A,P_HTHAB,ICCS0101,ES612	0.48 	0.56 
A,P_HTHAB,ICCS0101,ES613	0.25 	0.13 
A,P_HTHAB,ICCS0101,ES614	1.09 	0.86 
A,P_HTHAB,ICCS0101,ES615	0.00 	0.75 
A,P_HTHAB,ICCS0101,ES616	0.47 	0.64 
A,P_HTHAB,ICCS0101,ES617	0.55 	0.88 
A,P_HTHAB,ICCS0101,ES618	0.72 	0.41 
A,P_HTHAB,ICCS0101,ES62	0.95 	0.93 
A,P_HTHAB,ICCS0101,ES620	0.95 	0.93 
A,P_HTHAB,ICCS0101,ES63	1.18 	2.39 
A,P_HTHAB,ICCS0101,ES630	1.18 	2.39 
A,P_HTHAB,ICCS0101,ES64	0.00 	0.00 
A,P_HTHAB,ICCS0101,ES640	0.00 	0.00 
A,P_HTHAB,ICCS0101,ES7	0.93 	0.71 
A,P_HTHAB,ICCS0101,ES70	0.93 	0.71 
A,P_HTHAB,ICCS0101,ES703	0.00 	0.00 
A,P_HTHAB,ICCS0101,ES704	1.73 	0.81 
A,P_HTHAB,ICCS0101,ES705	0.93 	1.03 
A,P_HTHAB,ICCS0101,ES706	0.00 	4.45 
A,P_HTHAB,ICCS0101,ES707	0.00 	0.00 
A,P_HTHAB,ICCS0101,ES708	0.00 	0.00 
A,P_HTHAB,ICCS0101,ES709	1.09 	0.51 
A,P_HTHAB,ICCS0101,FI	1.34 	1.70 
A,P_HTHAB,ICCS0101,FI1	1.35 	1.69 
A,P_HTHAB,ICCS0101,FI19	1.67 	1.38 
A,P_HTHAB,ICCS0101,FI193	0.72 	0.73 
A,P_HTHAB,ICCS0101,FI194	1.04 	2.13 
A,P_HTHAB,ICCS0101,FI195	0.55 	1.11 
A,P_HTHAB,ICCS0101,FI196	2.71 	3.25 
A,P_HTHAB,ICCS0101,FI197	2.36 	0.77 
A,P_HTHAB,ICCS0101,FI1B	0.73 	1.59 
A,P_HTHAB,ICCS0101,FI1B1	0.73 	1.59 
A,P_HTHAB,ICCS0101,FI1C	1.12 	1.39 
A,P_HTHAB,ICCS0101,FI1C1	1.68 	1.66 
A,P_HTHAB,ICCS0101,FI1C2	0.58 	0.00 
A,P_HTHAB,ICCS0101,FI1C3	0.50 	2.51 
A,P_HTHAB,ICCS0101,FI1C4	1.69 	1.18 
A,P_HTHAB,ICCS0101,FI1C5	0.00 	0.79 
A,P_HTHAB,ICCS0101,FI1D	2.01 	2.43 
A,P_HTHAB,ICCS0101,FI1D1	2.69 	2.85 
A,P_HTHAB,ICCS0101,FI1D2	2.42 	2.05 
A,P_HTHAB,ICCS0101,FI1D3	1.83 	2.49 
A,P_HTHAB,ICCS0101,FI1D5	1.45 	1.47 
A,P_HTHAB,ICCS0101,FI1D7	1.66 	3.40 
A,P_HTHAB,ICCS0101,FI1D8	5.35 	1.40 
A,P_HTHAB,ICCS0101,FI1D9	1.22 	2.42 
A,P_HTHAB,ICCS0101,FI2	0.00 	0.00 
A,P_HTHAB,ICCS0101,FI20	0.00 	0.00 
A,P_HTHAB,ICCS0101,FI200	0.00 	0.00 
A,P_HTHAB,ICCS0101,FIZ	0.00 	0.02 
A,P_HTHAB,ICCS0101,FIZZ	0.00 	0.02 
A,P_HTHAB,ICCS0101,FIZZZ	0.00 	0.02 
A,P_HTHAB,ICCS0101,FR	1.01 	1.04 
A,P_HTHAB,ICCS0101,FR1	0.85 	1.08 
A,P_HTHAB,ICCS0101,FR10	0.85 	1.08 
A,P_HTHAB,ICCS0101,FR101	1.23 	0.88 
A,P_HTHAB,ICCS0101,FR102	0.85 	0.97 
A,P_HTHAB,ICCS0101,FR103	0.56 	0.89 
A,P_HTHAB,ICCS0101,FR104	0.85 	0.99 
A,P_HTHAB,ICCS0101,FR105	0.37 	0.86 
A,P_HTHAB,ICCS0101,FR106	1.36 	1.38 
A,P_HTHAB,ICCS0101,FR107	0.79 	1.47 
A,P_HTHAB,ICCS0101,FR108	0.49 	1.26 
A,P_HTHAB,ICCS0101,FRB	0.70 	0.70 
A,P_HTHAB,ICCS0101,FRB0	0.70 	0.70 
A,P_HTHAB,ICCS0101,FRB01	0.33 	1.00 
A,P_HTHAB,ICCS0101,FRB02	1.15 	0.70 
A,P_HTHAB,ICCS0101,FRB03	0.00 	0.92 
A,P_HTHAB,ICCS0101,FRB04	0.99 	0.49 
A,P_HTHAB,ICCS0101,FRB05	0.60 	0.61 
A,P_HTHAB,ICCS0101,FRB06	0.59 	0.73 
A,P_HTHAB,ICCS0101,FRC	0.92 	0.79 
A,P_HTHAB,ICCS0101,FRC1	0.73 	0.62 
A,P_HTHAB,ICCS0101,FRC11	0.56 	0.37 
A,P_HTHAB,ICCS0101,FRC12	0.97 	0.50 
A,P_HTHAB,ICCS0101,FRC13	0.36 	0.37 
A,P_HTHAB,ICCS0101,FRC14	1.48 	1.51 
A,P_HTHAB,ICCS0101,FRC2	1.19 	1.02 
A,P_HTHAB,ICCS0101,FRC21	0.19 	0.18 
A,P_HTHAB,ICCS0101,FRC22	0.00 	0.00 
A,P_HTHAB,ICCS0101,FRC23	1.27 	1.28 
A,P_HTHAB,ICCS0101,FRC24	7.01 	5.76 
A,P_HTHAB,ICCS0101,FRD	0.63 	0.78 
A,P_HTHAB,ICCS0101,FRD1	0.61 	0.75 
A,P_HTHAB,ICCS0101,FRD11	0.72 	0.72 
A,P_HTHAB,ICCS0101,FRD12	0.81 	0.41 
A,P_HTHAB,ICCS0101,FRD13	0.00 	1.45 
A,P_HTHAB,ICCS0101,FRD2	0.65 	0.81 
A,P_HTHAB,ICCS0101,FRD21	0.50 	0.84 
A,P_HTHAB,ICCS0101,FRD22	0.72 	0.80 
A,P_HTHAB,ICCS0101,FRE	0.95 	0.90 
A,P_HTHAB,ICCS0101,FRE1	0.88 	0.86 
A,P_HTHAB,ICCS0101,FRE11	0.96 	1.00 
A,P_HTHAB,ICCS0101,FRE12	0.75 	0.62 
A,P_HTHAB,ICCS0101,FRE2	1.09 	0.99 
A,P_HTHAB,ICCS0101,FRE21	0.94 	0.76 
A,P_HTHAB,ICCS0101,FRE22	1.21 	0.48 
A,P_HTHAB,ICCS0101,FRE23	1.05 	1.94 
A,P_HTHAB,ICCS0101,FRF	0.70 	0.74 
A,P_HTHAB,ICCS0101,FRF1	0.37 	0.42 
A,P_HTHAB,ICCS0101,FRF11	0.36 	0.35 
A,P_HTHAB,ICCS0101,FRF12	0.39 	0.52 
A,P_HTHAB,ICCS0101,FRF2	0.83 	0.99 
A,P_HTHAB,ICCS0101,FRF21	0.37 	0.37 
A,P_HTHAB,ICCS0101,FRF22	1.61 	0.64 
A,P_HTHAB,ICCS0101,FRF23	0.88 	1.42 
A,P_HTHAB,ICCS0101,FRF24	0.00 	1.19 
A,P_HTHAB,ICCS0101,FRF3	0.90 	0.86 
A,P_HTHAB,ICCS0101,FRF31	0.68 	0.82 
A,P_HTHAB,ICCS0101,FRF32	1.07 	0.56 
A,P_HTHAB,ICCS0101,FRF33	1.25 	1.15 
A,P_HTHAB,ICCS0101,FRF34	0.27 	0.28 
A,P_HTHAB,ICCS0101,FRG	0.75 	0.81 
A,P_HTHAB,ICCS0101,FRG0	0.75 	0.81 
A,P_HTHAB,ICCS0101,FRG01	0.57 	0.62 
A,P_HTHAB,ICCS0101,FRG02	1.60 	0.73 
A,P_HTHAB,ICCS0101,FRG03	0.33 	0.98 
A,P_HTHAB,ICCS0101,FRG04	0.71 	1.06 
A,P_HTHAB,ICCS0101,FRG05	0.30 	1.01 
A,P_HTHAB,ICCS0101,FRH	0.81 	0.80 
A,P_HTHAB,ICCS0101,FRH0	0.81 	0.80 
A,P_HTHAB,ICCS0101,FRH01	0.83 	0.67 
A,P_HTHAB,ICCS0101,FRH02	0.77 	0.87 
A,P_HTHAB,ICCS0101,FRH03	0.47 	0.82 
A,P_HTHAB,ICCS0101,FRH04	1.33 	0.78 
A,P_HTHAB,ICCS0101,FRI	0.89 	0.96 
A,P_HTHAB,ICCS0101,FRI1	1.00 	0.88 
A,P_HTHAB,ICCS0101,FRI11	0.97 	0.24 
A,P_HTHAB,ICCS0101,FRI12	1.01 	0.96 
A,P_HTHAB,ICCS0101,FRI13	0.25 	0.48 
A,P_HTHAB,ICCS0101,FRI14	2.40 	1.52 
A,P_HTHAB,ICCS0101,FRI15	0.74 	1.02 
A,P_HTHAB,ICCS0101,FRI2	0.41 	1.38 
A,P_HTHAB,ICCS0101,FRI21	0.00 	0.42 
A,P_HTHAB,ICCS0101,FRI22	1.69 	2.62 
A,P_HTHAB,ICCS0101,FRI23	0.27 	1.62 
A,P_HTHAB,ICCS0101,FRI3	0.89 	0.93 
A,P_HTHAB,ICCS0101,FRI31	0.57 	1.71 
A,P_HTHAB,ICCS0101,FRI32	0.93 	0.30 
A,P_HTHAB,ICCS0101,FRI33	1.34 	1.07 
A,P_HTHAB,ICCS0101,FRI34	0.69 	1.14 
A,P_HTHAB,ICCS0101,FRJ	0.92 	1.01 
A,P_HTHAB,ICCS0101,FRJ1	1.14 	1.35 
A,P_HTHAB,ICCS0101,FRJ11	1.89 	1.59 
A,P_HTHAB,ICCS0101,FRJ12	1.21 	1.33 
A,P_HTHAB,ICCS0101,FRJ13	1.05 	1.16 
A,P_HTHAB,ICCS0101,FRJ15	0.84 	1.86 
A,P_HTHAB,ICCS0101,FRJ2	0.72 	0.71 
A,P_HTHAB,ICCS0101,FRJ21	0.65 	0.00 
A,P_HTHAB,ICCS0101,FRJ22	0.36 	0.71 
A,P_HTHAB,ICCS0101,FRJ23	0.88 	0.77 
A,P_HTHAB,ICCS0101,FRJ24	0.52 	1.04 
A,P_HTHAB,ICCS0101,FRJ25	1.15 	0.57 
A,P_HTHAB,ICCS0101,FRJ26	0.00 	0.87 
A,P_HTHAB,ICCS0101,FRJ27	0.77 	0.51 
A,P_HTHAB,ICCS0101,FRJ28	0.77 	0.76 
A,P_HTHAB,ICCS0101,FRK	0.87 	0.59 
A,P_HTHAB,ICCS0101,FRK1	0.59 	0.44 
A,P_HTHAB,ICCS0101,FRK11	1.18 	0.00 
A,P_HTHAB,ICCS0101,FRK12	0.00 	0.70 
A,P_HTHAB,ICCS0101,FRK13	0.44 	1.32 
A,P_HTHAB,ICCS0101,FRK14	0.46 	0.30 
A,P_HTHAB,ICCS0101,FRK2	0.93 	0.62 
A,P_HTHAB,ICCS0101,FRK21	0.93 	0.30 
A,P_HTHAB,ICCS0101,FRK22	0.31 	0.61 
A,P_HTHAB,ICCS0101,FRK23	0.98 	1.34 
A,P_HTHAB,ICCS0101,FRK24	1.19 	0.78 
A,P_HTHAB,ICCS0101,FRK25	0.39 	0.78 
A,P_HTHAB,ICCS0101,FRK26	0.87 	0.47 
A,P_HTHAB,ICCS0101,FRK27	1.16 	0.68 
A,P_HTHAB,ICCS0101,FRK28	1.24 	0.36 
A,P_HTHAB,ICCS0101,FRL	1.79 	1.70 
A,P_HTHAB,ICCS0101,FRL0	1.79 	1.70 
A,P_HTHAB,ICCS0101,FRL01	1.22 	1.21 
A,P_HTHAB,ICCS0101,FRL02	0.00 	0.71 
A,P_HTHAB,ICCS0101,FRL03	0.92 	0.91 
A,P_HTHAB,ICCS0101,FRL04	2.27 	2.48 
A,P_HTHAB,ICCS0101,FRL05	2.08 	1.19 
A,P_HTHAB,ICCS0101,FRL06	1.79 	1.78 
A,P_HTHAB,ICCS0101,FRM	3.88 	4.04 
A,P_HTHAB,ICCS0101,FRM0	3.88 	4.04 
A,P_HTHAB,ICCS0101,FRM01	1.91 	4.97 
A,P_HTHAB,ICCS0101,FRM02	5.63 	3.23 
A,P_HTHAB,ICCS0101,FRY	3.50 	3.67 
A,P_HTHAB,ICCS0101,FRY1	7.99 	4.66 
A,P_HTHAB,ICCS0101,FRY10	7.99 	4.66 
A,P_HTHAB,ICCS0101,FRY2	2.68 	4.77 
A,P_HTHAB,ICCS0101,FRY20	2.68 	4.77 
A,P_HTHAB,ICCS0101,FRY3	7.82 	8.26 
A,P_HTHAB,ICCS0101,FRY30	7.82 	8.26 
A,P_HTHAB,ICCS0101,FRY4	1.17 	1.27 
A,P_HTHAB,ICCS0101,FRY40	1.17 	1.27 
A,P_HTHAB,ICCS0101,FRY5	0.40 	3.47 
A,P_HTHAB,ICCS0101,FRY50	0.40 	3.47 
A,P_HTHAB,ICCS0101,HR	: 	0.82 
A,P_HTHAB,ICCS0101,HR0	: 	0.82 
A,P_HTHAB,ICCS0101,HR02	: 	0.57 
A,P_HTHAB,ICCS0101,HR021	: 	0.96 
A,P_HTHAB,ICCS0101,HR022	: 	0.00 
A,P_HTHAB,ICCS0101,HR023	: 	0.00 
A,P_HTHAB,ICCS0101,HR024	: 	0.74 
A,P_HTHAB,ICCS0101,HR025	: 	0.37 
A,P_HTHAB,ICCS0101,HR026	: 	0.68 
A,P_HTHAB,ICCS0101,HR027	: 	0.00 
A,P_HTHAB,ICCS0101,HR028	: 	1.40 
A,P_HTHAB,ICCS0101,HR03	: 	0.88 
A,P_HTHAB,ICCS0101,HR031	: 	0.36 
A,P_HTHAB,ICCS0101,HR032	: 	2.29 
A,P_HTHAB,ICCS0101,HR033	: 	0.60 
A,P_HTHAB,ICCS0101,HR034	: 	4.09 
A,P_HTHAB,ICCS0101,HR035	: 	0.90 
A,P_HTHAB,ICCS0101,HR036	: 	0.47 
A,P_HTHAB,ICCS0101,HR037	: 	0.00 
A,P_HTHAB,ICCS0101,HR05	: 	1.11 
A,P_HTHAB,ICCS0101,HR050	: 	1.11 
A,P_HTHAB,ICCS0101,HR06	: 	0.74 
A,P_HTHAB,ICCS0101,HR061	: 	0.92 
A,P_HTHAB,ICCS0101,HR062	: 	0.61 
A,P_HTHAB,ICCS0101,HR063	: 	0.95 
A,P_HTHAB,ICCS0101,HR064	: 	2.42 
A,P_HTHAB,ICCS0101,HR065	: 	0.00 
A,P_HTHAB,ICCS0101,HU	0.87 	0.68 
A,P_HTHAB,ICCS0101,HU1	0.83 	0.82 
A,P_HTHAB,ICCS0101,HU11	0.80 	0.64 
A,P_HTHAB,ICCS0101,HU110	0.80 	0.64 
A,P_HTHAB,ICCS0101,HU12	0.88 	1.07 
A,P_HTHAB,ICCS0101,HU120	0.88 	1.07 
A,P_HTHAB,ICCS0101,HU2	0.82 	0.44 
A,P_HTHAB,ICCS0101,HU21	0.76 	0.66 
A,P_HTHAB,ICCS0101,HU211	0.96 	0.00 
A,P_HTHAB,ICCS0101,HU212	0.67 	1.67 
A,P_HTHAB,ICCS0101,HU213	0.58 	0.59 
A,P_HTHAB,ICCS0101,HU22	0.81 	0.30 
A,P_HTHAB,ICCS0101,HU221	1.09 	0.21 
A,P_HTHAB,ICCS0101,HU222	0.40 	0.39 
A,P_HTHAB,ICCS0101,HU223	0.73 	0.38 
A,P_HTHAB,ICCS0101,HU23	0.89 	0.34 
A,P_HTHAB,ICCS0101,HU231	1.09 	0.56 
A,P_HTHAB,ICCS0101,HU232	0.98 	0.33 
A,P_HTHAB,ICCS0101,HU233	0.45 	0.00 
A,P_HTHAB,ICCS0101,HU3	0.93 	0.74 
A,P_HTHAB,ICCS0101,HU31	0.87 	1.26 
A,P_HTHAB,ICCS0101,HU311	1.07 	1.26 
A,P_HTHAB,ICCS0101,HU312	0.34 	1.37 
A,P_HTHAB,ICCS0101,HU313	1.04 	1.07 
A,P_HTHAB,ICCS0101,HU32	0.89 	0.63 
A,P_HTHAB,ICCS0101,HU321	0.75 	0.57 
A,P_HTHAB,ICCS0101,HU322	1.61 	0.82 
A,P_HTHAB,ICCS0101,HU323	0.53 	0.55 
A,P_HTHAB,ICCS0101,HU33	1.04 	0.41 
A,P_HTHAB,ICCS0101,HU331	1.38 	0.20 
A,P_HTHAB,ICCS0101,HU332	0.58 	0.31 
A,P_HTHAB,ICCS0101,HU333	1.00 	0.76 
A,P_HTHAB,ICCS0101,IE	0.82 	0.46 
A,P_HTHAB,ICCS0101,IE0	0.82 	0.46 
A,P_HTHAB,ICCS0101,IE04	0.35 	0.11 
A,P_HTHAB,ICCS0101,IE041	0.50 	0.24 
A,P_HTHAB,ICCS0101,IE042	0.22 	0.00 
A,P_HTHAB,ICCS0101,IE05	0.69 	0.42 
A,P_HTHAB,ICCS0101,IE051	0.42 	0.41 
A,P_HTHAB,ICCS0101,IE052	0.94 	0.00 
A,P_HTHAB,ICCS0101,IE053	0.72 	0.70 
A,P_HTHAB,ICCS0101,IE06	1.07 	0.61 
A,P_HTHAB,ICCS0101,IE061	1.41 	0.77 
A,P_HTHAB,ICCS0101,IE062	0.57 	0.54 
A,P_HTHAB,ICCS0101,IE063	0.67 	0.00 
A,P_HTHAB,ICCS0101,IS	0.89 	0.54 
A,P_HTHAB,ICCS0101,IS0	0.89 	0.54 
A,P_HTHAB,ICCS0101,IS00	0.89 	0.54 
A,P_HTHAB,ICCS0101,IS001	1.38 	0.85 
A,P_HTHAB,ICCS0101,IS002	0.00 	0.00 
A,P_HTHAB,ICCS0101,IT	0.61 	0.51 
A,P_HTHAB,ICCS0101,ITC	0.53 	0.42 
A,P_HTHAB,ICCS0101,ITC1	0.48 	0.54 
A,P_HTHAB,ICCS0101,ITC11	0.44 	0.81 
A,P_HTHAB,ICCS0101,ITC12	0.58 	0.00 
A,P_HTHAB,ICCS0101,ITC13	0.56 	0.00 
A,P_HTHAB,ICCS0101,ITC14	0.00 	0.00 
A,P_HTHAB,ICCS0101,ITC15	0.27 	0.55 
A,P_HTHAB,ICCS0101,ITC16	0.68 	0.34 
A,P_HTHAB,ICCS0101,ITC17	0.46 	0.00 
A,P_HTHAB,ICCS0101,ITC18	0.70 	0.24 
A,P_HTHAB,ICCS0101,ITC2	0.00 	1.61 
A,P_HTHAB,ICCS0101,ITC20	0.00 	1.61 
A,P_HTHAB,ICCS0101,ITC3	0.51 	0.33 
A,P_HTHAB,ICCS0101,ITC31	0.00 	1.43 
A,P_HTHAB,ICCS0101,ITC32	0.36 	0.00 
A,P_HTHAB,ICCS0101,ITC33	0.59 	0.12 
A,P_HTHAB,ICCS0101,ITC34	0.91 	0.46 
A,P_HTHAB,ICCS0101,ITC4	0.56 	0.36 
A,P_HTHAB,ICCS0101,ITC41	0.56 	0.00 
A,P_HTHAB,ICCS0101,ITC42	1.50 	0.00 
A,P_HTHAB,ICCS0101,ITC43	0.00 	0.00 
A,P_HTHAB,ICCS0101,ITC44	0.00 	0.00 
A,P_HTHAB,ICCS0101,ITC46	0.45 	0.27 
A,P_HTHAB,ICCS0101,ITC47	0.32 	0.32 
A,P_HTHAB,ICCS0101,ITC48	0.73 	0.93 
A,P_HTHAB,ICCS0101,ITC49	0.87 	0.00 
A,P_HTHAB,ICCS0101,ITC4A	0.00 	0.28 
A,P_HTHAB,ICCS0101,ITC4B	0.24 	1.23 
A,P_HTHAB,ICCS0101,ITC4C	0.62 	0.56 
A,P_HTHAB,ICCS0101,ITC4D	0.69 	0.00 
A,P_HTHAB,ICCS0101,ITF	0.97 	0.65 
A,P_HTHAB,ICCS0101,ITF1	0.76 	0.31 
A,P_HTHAB,ICCS0101,ITF11	0.33 	0.00 
A,P_HTHAB,ICCS0101,ITF12	0.97 	0.00 
A,P_HTHAB,ICCS0101,ITF13	0.62 	0.64 
A,P_HTHAB,ICCS0101,ITF14	1.03 	0.53 
A,P_HTHAB,ICCS0101,ITF2	0.00 	0.34 
A,P_HTHAB,ICCS0101,ITF21	0.00 	0.00 
A,P_HTHAB,ICCS0101,ITF22	0.00 	0.47 
A,P_HTHAB,ICCS0101,ITF3	0.91 	0.84 
A,P_HTHAB,ICCS0101,ITF31	0.97 	0.44 
A,P_HTHAB,ICCS0101,ITF32	0.00 	0.00 
A,P_HTHAB,ICCS0101,ITF33	1.13 	1.31 
A,P_HTHAB,ICCS0101,ITF34	0.24 	0.74 
A,P_HTHAB,ICCS0101,ITF35	0.72 	0.09 
A,P_HTHAB,ICCS0101,ITF4	1.18 	0.64 
A,P_HTHAB,ICCS0101,ITF43	1.20 	0.89 
A,P_HTHAB,ICCS0101,ITF44	1.01 	0.26 
A,P_HTHAB,ICCS0101,ITF45	0.12 	0.39 
A,P_HTHAB,ICCS0101,ITF46	3.18 	1.49 
A,P_HTHAB,ICCS0101,ITF47	1.03 	0.41 
A,P_HTHAB,ICCS0101,ITF48	0.76 	0.52 
A,P_HTHAB,ICCS0101,ITF5	0.70 	0.18 
A,P_HTHAB,ICCS0101,ITF51	0.54 	0.00 
A,P_HTHAB,ICCS0101,ITF52	1.00 	0.52 
A,P_HTHAB,ICCS0101,ITF6	1.07 	0.54 
A,P_HTHAB,ICCS0101,ITF61	0.42 	0.74 
A,P_HTHAB,ICCS0101,ITF62	0.57 	0.61 
A,P_HTHAB,ICCS0101,ITF63	1.10 	0.58 
A,P_HTHAB,ICCS0101,ITF64	4.33 	0.66 
A,P_HTHAB,ICCS0101,ITF65	1.08 	0.19 
A,P_HTHAB,ICCS0101,ITG	0.73 	0.72 
A,P_HTHAB,ICCS0101,ITG1	0.63 	0.66 
A,P_HTHAB,ICCS0101,ITG11	0.69 	0.72 
A,P_HTHAB,ICCS0101,ITG12	0.63 	0.50 
A,P_HTHAB,ICCS0101,ITG13	0.47 	0.33 
A,P_HTHAB,ICCS0101,ITG14	1.13 	0.48 
A,P_HTHAB,ICCS0101,ITG15	0.74 	0.00 
A,P_HTHAB,ICCS0101,ITG16	1.19 	1.90 
A,P_HTHAB,ICCS0101,ITG17	0.63 	1.12 
A,P_HTHAB,ICCS0101,ITG18	0.31 	0.00 
A,P_HTHAB,ICCS0101,ITG19	0.25 	1.04 
A,P_HTHAB,ICCS0101,ITG2	1.03 	0.88 
A,P_HTHAB,ICCS0101,ITH	0.45 	0.47 
A,P_HTHAB,ICCS0101,ITH1	0.19 	0.56 
A,P_HTHAB,ICCS0101,ITH10	0.19 	0.56 
A,P_HTHAB,ICCS0101,ITH2	0.74 	0.18 
A,P_HTHAB,ICCS0101,ITH20	0.74 	0.18 
A,P_HTHAB,ICCS0101,ITH3	0.45 	0.39 
A,P_HTHAB,ICCS0101,ITH31	0.43 	0.43 
A,P_HTHAB,ICCS0101,ITH32	0.23 	0.70 
A,P_HTHAB,ICCS0101,ITH33	0.00 	0.00 
A,P_HTHAB,ICCS0101,ITH34	0.45 	0.34 
A,P_HTHAB,ICCS0101,ITH35	0.59 	0.12 
A,P_HTHAB,ICCS0101,ITH36	0.53 	0.21 
A,P_HTHAB,ICCS0101,ITH37	0.84 	1.30 
A,P_HTHAB,ICCS0101,ITH4	0.57 	0.17 
A,P_HTHAB,ICCS0101,ITH41	1.28 	0.00 
A,P_HTHAB,ICCS0101,ITH42	0.19 	0.00 
A,P_HTHAB,ICCS0101,ITH43	0.72 	0.00 
A,P_HTHAB,ICCS0101,ITH44	0.43 	0.87 
A,P_HTHAB,ICCS0101,ITH5	0.40 	0.68 
A,P_HTHAB,ICCS0101,ITH51	0.35 	0.00 
A,P_HTHAB,ICCS0101,ITH52	0.45 	0.22 
A,P_HTHAB,ICCS0101,ITH53	0.56 	0.95 
A,P_HTHAB,ICCS0101,ITH54	0.57 	1.14 
A,P_HTHAB,ICCS0101,ITH55	0.40 	0.69 
A,P_HTHAB,ICCS0101,ITH56	1.15 	1.17 
A,P_HTHAB,ICCS0101,ITH57	0.00 	0.26 
A,P_HTHAB,ICCS0101,ITH58	0.00 	0.25 
A,P_HTHAB,ICCS0101,ITH59	0.00 	0.89 
A,P_HTHAB,ICCS0101,ITI	0.38 	0.42 
A,P_HTHAB,ICCS0101,ITI1	0.35 	0.27 
A,P_HTHAB,ICCS0101,ITI11	0.51 	0.00 
A,P_HTHAB,ICCS0101,ITI12	0.00 	0.26 
A,P_HTHAB,ICCS0101,ITI13	0.00 	0.00 
A,P_HTHAB,ICCS0101,ITI14	0.00 	0.00 
A,P_HTHAB,ICCS0101,ITI15	0.39 	1.51 
A,P_HTHAB,ICCS0101,ITI16	0.30 	1.22 
A,P_HTHAB,ICCS0101,ITI17	0.71 	0.00 
A,P_HTHAB,ICCS0101,ITI18	0.58 	0.00 
A,P_HTHAB,ICCS0101,ITI19	0.75 	0.00 
A,P_HTHAB,ICCS0101,ITI1A	1.35 	0.46 
A,P_HTHAB,ICCS0101,ITI2	0.11 	0.46 
A,P_HTHAB,ICCS0101,ITI21	0.00 	0.46 
A,P_HTHAB,ICCS0101,ITI22	0.44 	0.45 
A,P_HTHAB,ICCS0101,ITI3	0.26 	0.27 
A,P_HTHAB,ICCS0101,ITI31	0.00 	0.28 
A,P_HTHAB,ICCS0101,ITI32	0.63 	0.22 
A,P_HTHAB,ICCS0101,ITI33	0.00 	0.00 
A,P_HTHAB,ICCS0101,ITI34	0.48 	0.49 
A,P_HTHAB,ICCS0101,ITI35	0.00 	0.59 
A,P_HTHAB,ICCS0101,ITI4	0.47 	0.54 
A,P_HTHAB,ICCS0101,ITI41	0.63 	1.30 
A,P_HTHAB,ICCS0101,ITI42	0.64 	0.00 
A,P_HTHAB,ICCS0101,ITI43	0.41 	0.61 
A,P_HTHAB,ICCS0101,ITI44	0.52 	0.18 
A,P_HTHAB,ICCS0101,ITI45	0.81 	0.00 
A,P_HTHAB,ICCS0101,ITZ	: 	0.00 
A,P_HTHAB,ICCS0101,ITZZ	: 	0.00 
A,P_HTHAB,ICCS0101,ITZZZ	: 	0.00 
A,P_HTHAB,ICCS0101,LI	2.64 	0.00 
A,P_HTHAB,ICCS0101,LI0	2.64 	0.00 
A,P_HTHAB,ICCS0101,LI00	2.64 	0.00 
A,P_HTHAB,ICCS0101,LI000	2.64 	0.00 
A,P_HTHAB,ICCS0101,LT	3.97 	2.50 
A,P_HTHAB,ICCS0101,LT0	3.97 	2.50 
A,P_HTHAB,ICCS0101,LT01	2.61 	2.89 
A,P_HTHAB,ICCS0101,LT011	2.61 	2.89 
A,P_HTHAB,ICCS0101,LT02	4.50 	2.34 
A,P_HTHAB,ICCS0101,LT021	7.06 	5.29 
A,P_HTHAB,ICCS0101,LT022	7.19 	2.48 
A,P_HTHAB,ICCS0101,LT023	3.74 	0.93 
A,P_HTHAB,ICCS0101,LT024	3.44 	1.48 
A,P_HTHAB,ICCS0101,LT025	1.78 	1.92 
A,P_HTHAB,ICCS0101,LT026	2.22 	2.69 
A,P_HTHAB,ICCS0101,LT027	5.07 	4.44 
A,P_HTHAB,ICCS0101,LT028	2.90 	2.32 
A,P_HTHAB,ICCS0101,LT029	3.75 	1.62 
A,P_HTHAB,ICCS0101,LU	0.34 	0.47 
A,P_HTHAB,ICCS0101,LU0	0.34 	0.47 
A,P_HTHAB,ICCS0101,LU00	0.34 	0.47 
A,P_HTHAB,ICCS0101,LU000	0.34 	0.47 
A,P_HTHAB,ICCS0101,LV	6.56 	5.18 
A,P_HTHAB,ICCS0101,LV0	6.56 	5.18 
A,P_HTHAB,ICCS0101,LV00	6.56 	5.18 
A,P_HTHAB,ICCS0101,LV003	7.71 	3.81 
A,P_HTHAB,ICCS0101,LV005	9.99 	6.73 
A,P_HTHAB,ICCS0101,LV006	6.39 	5.69 
A,P_HTHAB,ICCS0101,LV007	5.48 	3.43 
A,P_HTHAB,ICCS0101,LV008	3.65 	6.00 
A,P_HTHAB,ICCS0101,LV009	5.95 	5.71 
A,P_HTHAB,ICCS0101,LVZ	: 	0.00 
A,P_HTHAB,ICCS0101,LVZZ	: 	0.00 
A,P_HTHAB,ICCS0101,LVZZZ	: 	0.00 
A,P_HTHAB,ICCS0101,ME	1.77 	2.26 
A,P_HTHAB,ICCS0101,ME0	1.77 	2.26 
A,P_HTHAB,ICCS0101,ME00	1.77 	2.26 
A,P_HTHAB,ICCS0101,ME000	1.77 	2.26 
A,P_HTHAB,ICCS0101,MT	1.96 	0.39 
A,P_HTHAB,ICCS0101,MT0	1.96 	0.39 
A,P_HTHAB,ICCS0101,MT00	1.96 	0.39 
A,P_HTHAB,ICCS0101,MT001	2.10 	0.42 
A,P_HTHAB,ICCS0101,MT002	0.00 	0.00 
A,P_HTHAB,ICCS0101,NO	0.53 	0.54 
A,P_HTHAB,ICCS0101,NO0	0.53 	0.54 
A,P_HTHAB,ICCS0101,NO01	0.79 	: 
A,P_HTHAB,ICCS0101,NO011	0.90 	: 
A,P_HTHAB,ICCS0101,NO012	0.66 	: 
A,P_HTHAB,ICCS0101,NO02	0.26 	0.00 
A,P_HTHAB,ICCS0101,NO020	: 	0.00 
A,P_HTHAB,ICCS0101,NO021	0.51 	: 
A,P_HTHAB,ICCS0101,NO022	0.00 	: 
A,P_HTHAB,ICCS0101,NO03	0.60 	: 
A,P_HTHAB,ICCS0101,NO031	0.00 	: 
A,P_HTHAB,ICCS0101,NO032	1.43 	: 
A,P_HTHAB,ICCS0101,NO033	0.00 	: 
A,P_HTHAB,ICCS0101,NO034	1.15 	: 
A,P_HTHAB,ICCS0101,NO04	0.65 	: 
A,P_HTHAB,ICCS0101,NO041	0.86 	: 
A,P_HTHAB,ICCS0101,NO042	0.54 	: 
A,P_HTHAB,ICCS0101,NO043	0.64 	: 
A,P_HTHAB,ICCS0101,NO05	0.11 	: 
A,P_HTHAB,ICCS0101,NO051	0.19 	: 
A,P_HTHAB,ICCS0101,NO052	0.00 	: 
A,P_HTHAB,ICCS0101,NO053	0.00 	: 
A,P_HTHAB,ICCS0101,NO06	0.66 	0.21 
A,P_HTHAB,ICCS0101,NO060	: 	0.21 
A,P_HTHAB,ICCS0101,NO07	0.41 	0.00 
A,P_HTHAB,ICCS0101,NO071	0.00 	0.00 
A,P_HTHAB,ICCS0101,NO072	1.21 	: 
A,P_HTHAB,ICCS0101,NO073	0.00 	: 
A,P_HTHAB,ICCS0101,NO074	: 	0.00 
A,P_HTHAB,ICCS0101,NO08	: 	1.03 
A,P_HTHAB,ICCS0101,NO081	: 	1.00 
A,P_HTHAB,ICCS0101,NO082	: 	1.04 
A,P_HTHAB,ICCS0101,NO09	: 	0.41 
A,P_HTHAB,ICCS0101,NO091	: 	0.47 
A,P_HTHAB,ICCS0101,NO092	: 	0.32 
A,P_HTHAB,ICCS0101,NO0A	: 	0.36 
A,P_HTHAB,ICCS0101,NO0A1	: 	0.00 
A,P_HTHAB,ICCS0101,NO0A2	: 	0.47 
A,P_HTHAB,ICCS0101,NO0A3	: 	0.75 
A,P_HTHAB,ICCS0101,NOZ	: 	0.00 
A,P_HTHAB,ICCS0101,NOZZ	: 	0.00 
A,P_HTHAB,ICCS0101,NOZZZ	: 	0.00 
A,P_HTHAB,ICCS0101,PT	0.74 	0.80 
A,P_HTHAB,ICCS0101,PT1	0.69 	0.75 
A,P_HTHAB,ICCS0101,PT11	0.31 	0.53 
A,P_HTHAB,ICCS0101,PT111	0.43 	0.00 
A,P_HTHAB,ICCS0101,PT112	0.25 	0.25 
A,P_HTHAB,ICCS0101,PT119	0.00 	0.49 
A,P_HTHAB,ICCS0101,PT11A	0.29 	0.58 
A,P_HTHAB,ICCS0101,PT11B	1.14 	1.17 
A,P_HTHAB,ICCS0101,PT11C	0.00 	0.73 
A,P_HTHAB,ICCS0101,PT11D	0.52 	1.05 
A,P_HTHAB,ICCS0101,PT11E	1.83 	0.00 
A,P_HTHAB,ICCS0101,PT15	2.04 	0.68 
A,P_HTHAB,ICCS0101,PT150	2.04 	0.68 
A,P_HTHAB,ICCS0101,PT16	0.76 	0.99 
A,P_HTHAB,ICCS0101,PT16B	0.00 	0.83 
A,P_HTHAB,ICCS0101,PT16D	1.65 	1.09 
A,P_HTHAB,ICCS0101,PT16E	0.91 	0.92 
A,P_HTHAB,ICCS0101,PT16F	0.00 	1.05 
A,P_HTHAB,ICCS0101,PT16G	0.78 	1.58 
A,P_HTHAB,ICCS0101,PT16H	1.21 	0.00 
A,P_HTHAB,ICCS0101,PT16I	0.85 	1.71 
A,P_HTHAB,ICCS0101,PT16J	0.91 	0.00 
A,P_HTHAB,ICCS0101,PT17	0.89 	0.87 
A,P_HTHAB,ICCS0101,PT170	0.89 	0.87 
A,P_HTHAB,ICCS0101,PT18	0.84 	0.71 
A,P_HTHAB,ICCS0101,PT181	0.00 	0.00 
A,P_HTHAB,ICCS0101,PT184	0.00 	0.00 
A,P_HTHAB,ICCS0101,PT185	0.42 	0.84 
A,P_HTHAB,ICCS0101,PT186	0.00 	0.00 
A,P_HTHAB,ICCS0101,PT187	3.20 	1.99 
A,P_HTHAB,ICCS0101,PT2	0.82 	1.24 
A,P_HTHAB,ICCS0101,PT20	0.82 	1.24 
A,P_HTHAB,ICCS0101,PT200	0.82 	1.24 
A,P_HTHAB,ICCS0101,PT3	1.18 	1.58 
A,P_HTHAB,ICCS0101,PT30	1.18 	1.58 
A,P_HTHAB,ICCS0101,PT300	1.18 	1.58 
A,P_HTHAB,ICCS0101,PTZ	0.03 	0.01 
A,P_HTHAB,ICCS0101,PTZZ	0.03 	0.01 
A,P_HTHAB,ICCS0101,PTZZZ	0.03 	0.01 
A,P_HTHAB,ICCS0101,RO	1.30 	0.99 
A,P_HTHAB,ICCS0101,RO1	1.37 	0.79 
A,P_HTHAB,ICCS0101,RO11	1.52 	0.95 
A,P_HTHAB,ICCS0101,RO111	1.06 	0.90 
A,P_HTHAB,ICCS0101,RO112	1.42 	1.09 
A,P_HTHAB,ICCS0101,RO113	0.14 	0.99 
A,P_HTHAB,ICCS0101,RO114	1.72 	0.88 
A,P_HTHAB,ICCS0101,RO115	0.89 	0.00 
A,P_HTHAB,ICCS0101,RO116	7.88 	2.39 
A,P_HTHAB,ICCS0101,RO12	1.20 	0.61 
A,P_HTHAB,ICCS0101,RO121	0.60 	0.62 
A,P_HTHAB,ICCS0101,RO122	0.73 	0.36 
A,P_HTHAB,ICCS0101,RO123	2.44 	0.00 
A,P_HTHAB,ICCS0101,RO124	0.98 	1.00 
A,P_HTHAB,ICCS0101,RO125	1.48 	0.76 
A,P_HTHAB,ICCS0101,RO126	1.50 	0.75 
A,P_HTHAB,ICCS0101,RO2	1.69 	1.14 
A,P_HTHAB,ICCS0101,RO21	1.88 	1.36 
A,P_HTHAB,ICCS0101,RO211	2.18 	1.39 
A,P_HTHAB,ICCS0101,RO212	1.28 	1.88 
A,P_HTHAB,ICCS0101,RO213	2.15 	1.76 
A,P_HTHAB,ICCS0101,RO214	3.32 	0.92 
A,P_HTHAB,ICCS0101,RO215	1.59 	1.45 
A,P_HTHAB,ICCS0101,RO216	0.26 	0.27 
A,P_HTHAB,ICCS0101,RO22	1.43 	0.85 
A,P_HTHAB,ICCS0101,RO221	1.67 	1.07 
A,P_HTHAB,ICCS0101,RO222	0.94 	1.24 
A,P_HTHAB,ICCS0101,RO223	0.29 	1.50 
A,P_HTHAB,ICCS0101,RO224	2.72 	0.20 
A,P_HTHAB,ICCS0101,RO225	1.00 	0.00 
A,P_HTHAB,ICCS0101,RO226	2.44 	0.32 
A,P_HTHAB,ICCS0101,RO3	0.89 	1.00 
A,P_HTHAB,ICCS0101,RO31	0.90 	0.94 
A,P_HTHAB,ICCS0101,RO311	0.85 	1.94 
A,P_HTHAB,ICCS0101,RO312	1.02 	0.36 
A,P_HTHAB,ICCS0101,RO313	1.00 	0.00 
A,P_HTHAB,ICCS0101,RO314	2.19 	0.00 
A,P_HTHAB,ICCS0101,RO315	0.00 	2.78 
A,P_HTHAB,ICCS0101,RO316	0.55 	0.85 
A,P_HTHAB,ICCS0101,RO317	1.14 	0.62 
A,P_HTHAB,ICCS0101,RO32	0.87 	1.07 
A,P_HTHAB,ICCS0101,RO321	0.82 	1.10 
A,P_HTHAB,ICCS0101,RO322	1.09 	0.99 
A,P_HTHAB,ICCS0101,RO4	1.22 	1.04 
A,P_HTHAB,ICCS0101,RO41	1.67 	1.11 
A,P_HTHAB,ICCS0101,RO411	1.42 	0.81 
A,P_HTHAB,ICCS0101,RO412	0.93 	0.65 
A,P_HTHAB,ICCS0101,RO413	0.80 	1.69 
A,P_HTHAB,ICCS0101,RO414	2.70 	0.52 
A,P_HTHAB,ICCS0101,RO415	2.24 	2.31 
A,P_HTHAB,ICCS0101,RO42	0.73 	0.97 
A,P_HTHAB,ICCS0101,RO421	0.00 	1.94 
A,P_HTHAB,ICCS0101,RO422	0.72 	0.75 
A,P_HTHAB,ICCS0101,RO423	1.53 	0.27 
A,P_HTHAB,ICCS0101,RO424	0.72 	0.85 
A,P_HTHAB,ICCS0101,RS	1.12 	1.06 
A,P_HTHAB,ICCS0101,RS1	1.04 	1.08 
A,P_HTHAB,ICCS0101,RS11	0.89 	1.18 
A,P_HTHAB,ICCS0101,RS110	0.89 	1.18 
A,P_HTHAB,ICCS0101,RS12	1.17 	0.98 
A,P_HTHAB,ICCS0101,RS121	2.83 	0.60 
A,P_HTHAB,ICCS0101,RS122	1.42 	1.09 
A,P_HTHAB,ICCS0101,RS123	1.46 	0.97 
A,P_HTHAB,ICCS0101,RS124	0.72 	0.75 
A,P_HTHAB,ICCS0101,RS125	0.55 	0.00 
A,P_HTHAB,ICCS0101,RS126	0.00 	2.34 
A,P_HTHAB,ICCS0101,RS127	0.66 	1.02 
A,P_HTHAB,ICCS0101,RS2	1.21 	1.05 
A,P_HTHAB,ICCS0101,RS21	0.97 	0.90 
A,P_HTHAB,ICCS0101,RS211	0.00 	0.38 
A,P_HTHAB,ICCS0101,RS212	0.60 	1.25 
A,P_HTHAB,ICCS0101,RS213	1.05 	0.73 
A,P_HTHAB,ICCS0101,RS214	0.99 	0.00 
A,P_HTHAB,ICCS0101,RS215	2.46 	0.00 
A,P_HTHAB,ICCS0101,RS216	0.44 	0.92 
A,P_HTHAB,ICCS0101,RS217	2.28 	1.98 
A,P_HTHAB,ICCS0101,RS218	0.00 	1.44 
A,P_HTHAB,ICCS0101,RS22	1.50 	1.23 
A,P_HTHAB,ICCS0101,RS221	1.73 	1.85 
A,P_HTHAB,ICCS0101,RS222	1.17 	2.47 
A,P_HTHAB,ICCS0101,RS223	1.81 	0.97 
A,P_HTHAB,ICCS0101,RS224	0.98 	1.54 
A,P_HTHAB,ICCS0101,RS225	1.92 	0.28 
A,P_HTHAB,ICCS0101,RS226	0.00 	2.44 
A,P_HTHAB,ICCS0101,RS227	0.53 	1.10 
A,P_HTHAB,ICCS0101,RS228	2.51 	1.54 
A,P_HTHAB,ICCS0101,RS229	2.33 	0.00 
A,P_HTHAB,ICCS0101,SI	0.87 	0.43 
A,P_HTHAB,ICCS0101,SI0	0.87 	0.43 
A,P_HTHAB,ICCS0101,SI03	0.82 	0.27 
A,P_HTHAB,ICCS0101,SI031	0.00 	0.00 
A,P_HTHAB,ICCS0101,SI032	2.17 	0.30 
A,P_HTHAB,ICCS0101,SI033	0.00 	0.00 
A,P_HTHAB,ICCS0101,SI034	0.39 	0.39 
A,P_HTHAB,ICCS0101,SI035	0.00 	0.00 
A,P_HTHAB,ICCS0101,SI036	0.00 	1.32 
A,P_HTHAB,ICCS0101,SI037	0.70 	0.00 
A,P_HTHAB,ICCS0101,SI038	0.00 	0.00 
A,P_HTHAB,ICCS0101,SI04	0.92 	0.60 
A,P_HTHAB,ICCS0101,SI041	0.93 	0.54 
A,P_HTHAB,ICCS0101,SI042	0.00 	0.47 
A,P_HTHAB,ICCS0101,SI043	0.00 	0.84 
A,P_HTHAB,ICCS0101,SI044	3.52 	0.84 
A,P_HTHAB,ICCS0101,SIZ	: 	0.00 
A,P_HTHAB,ICCS0101,SIZZ	: 	0.00 
A,P_HTHAB,ICCS0101,SIZZZ	: 	0.00 
A,P_HTHAB,ICCS0101,SK	1.45 	1.01 
A,P_HTHAB,ICCS0101,SK0	1.45 	1.01 
A,P_HTHAB,ICCS0101,SK01	2.34 	1.77 
A,P_HTHAB,ICCS0101,SK010	2.34 	1.77 
A,P_HTHAB,ICCS0101,SK02	1.80 	1.10 
A,P_HTHAB,ICCS0101,SK021	4.28 	1.95 
A,P_HTHAB,ICCS0101,SK022	0.34 	0.51 
A,P_HTHAB,ICCS0101,SK023	1.03 	0.89 
A,P_HTHAB,ICCS0101,SK03	1.19 	0.75 
A,P_HTHAB,ICCS0101,SK031	1.16 	1.16 
A,P_HTHAB,ICCS0101,SK032	1.23 	0.31 
A,P_HTHAB,ICCS0101,SK04	0.93 	0.80 
A,P_HTHAB,ICCS0101,SK041	0.97 	0.36 
A,P_HTHAB,ICCS0101,SK042	0.88 	1.25 
A,P_HTHAB,ICCS0101,TR	2.89 	2.35 
A,P_HTHAB,ICCS0101,TR1	2.89 	1.96 
A,P_HTHAB,ICCS0101,TR10	2.89 	1.96 
A,P_HTHAB,ICCS0101,TR100	2.89 	1.96 
A,P_HTHAB,ICCS0101,TR2	2.41 	2.89 
A,P_HTHAB,ICCS0101,TR21	1.97 	2.59 
A,P_HTHAB,ICCS0101,TR211	2.47 	2.87 
A,P_HTHAB,ICCS0101,TR212	1.49 	2.21 
A,P_HTHAB,ICCS0101,TR213	1.14 	2.21 
A,P_HTHAB,ICCS0101,TR22	2.86 	3.20 
A,P_HTHAB,ICCS0101,TR221	3.43 	3.55 
A,P_HTHAB,ICCS0101,TR222	1.54 	2.40 
A,P_HTHAB,ICCS0101,TR3	2.84 	2.46 
A,P_HTHAB,ICCS0101,TR31	2.82 	2.50 
A,P_HTHAB,ICCS0101,TR310	2.82 	2.50 
A,P_HTHAB,ICCS0101,TR32	3.00 	2.34 
A,P_HTHAB,ICCS0101,TR321	3.84 	2.32 
A,P_HTHAB,ICCS0101,TR322	2.88 	2.69 
A,P_HTHAB,ICCS0101,TR323	2.17 	2.00 
A,P_HTHAB,ICCS0101,TR33	2.73 	2.52 
A,P_HTHAB,ICCS0101,TR331	3.01 	2.96 
A,P_HTHAB,ICCS0101,TR332	2.24 	2.44 
A,P_HTHAB,ICCS0101,TR333	1.74 	1.56 
A,P_HTHAB,ICCS0101,TR334	4.18 	2.44 
A,P_HTHAB,ICCS0101,TR4	2.39 	2.16 
A,P_HTHAB,ICCS0101,TR41	2.22 	2.16 
A,P_HTHAB,ICCS0101,TR411	2.00 	1.93 
A,P_HTHAB,ICCS0101,TR412	2.84 	2.93 
A,P_HTHAB,ICCS0101,TR413	2.75 	2.29 
A,P_HTHAB,ICCS0101,TR42	2.58 	2.16 
A,P_HTHAB,ICCS0101,TR421	1.91 	2.40 
A,P_HTHAB,ICCS0101,TR422	3.99 	1.63 
A,P_HTHAB,ICCS0101,TR423	2.43 	2.53 
A,P_HTHAB,ICCS0101,TR424	3.00 	2.54 
A,P_HTHAB,ICCS0101,TR425	1.66 	1.45 
A,P_HTHAB,ICCS0101,TR5	2.40 	2.06 
A,P_HTHAB,ICCS0101,TR51	2.30 	1.77 
A,P_HTHAB,ICCS0101,TR510	2.30 	1.77 
A,P_HTHAB,ICCS0101,TR52	2.62 	2.71 
A,P_HTHAB,ICCS0101,TR521	2.68 	2.71 
A,P_HTHAB,ICCS0101,TR522	2.04 	2.75 
A,P_HTHAB,ICCS0101,TR6	3.18 	2.69 
A,P_HTHAB,ICCS0101,TR61	2.68 	2.40 
A,P_HTHAB,ICCS0101,TR611	2.53 	2.59 
A,P_HTHAB,ICCS0101,TR612	2.57 	2.27 
A,P_HTHAB,ICCS0101,TR613	4.21 	0.75 
A,P_HTHAB,ICCS0101,TR62	3.52 	3.37 
A,P_HTHAB,ICCS0101,TR621	4.22 	3.98 
A,P_HTHAB,ICCS0101,TR622	2.65 	2.62 
A,P_HTHAB,ICCS0101,TR63	3.23 	2.13 
A,P_HTHAB,ICCS0101,TR631	3.41 	1.93 
A,P_HTHAB,ICCS0101,TR632	2.79 	1.97 
A,P_HTHAB,ICCS0101,TR633	3.64 	3.10 
A,P_HTHAB,ICCS0101,TR7	2.41 	2.69 
A,P_HTHAB,ICCS0101,TR71	2.52 	2.92 
A,P_HTHAB,ICCS0101,TR711	3.60 	2.51 
A,P_HTHAB,ICCS0101,TR712	2.52 	2.36 
A,P_HTHAB,ICCS0101,TR713	1.71 	3.87 
A,P_HTHAB,ICCS0101,TR714	1.72 	2.30 
A,P_HTHAB,ICCS0101,TR715	3.48 	3.70 
A,P_HTHAB,ICCS0101,TR72	2.33 	2.54 
A,P_HTHAB,ICCS0101,TR721	2.50 	2.67 
A,P_HTHAB,ICCS0101,TR722	1.93 	2.20 
A,P_HTHAB,ICCS0101,TR723	2.38 	2.62 
A,P_HTHAB,ICCS0101,TR8	2.75 	2.13 
A,P_HTHAB,ICCS0101,TR81	1.26 	1.35 
A,P_HTHAB,ICCS0101,TR811	1.51 	1.52 
A,P_HTHAB,ICCS0101,TR812	1.24 	0.41 
A,P_HTHAB,ICCS0101,TR813	0.52 	2.01 
A,P_HTHAB,ICCS0101,TR82	2.74 	2.55 
A,P_HTHAB,ICCS0101,TR821	2.92 	2.39 
A,P_HTHAB,ICCS0101,TR822	1.09 	3.12 
A,P_HTHAB,ICCS0101,TR823	3.89 	2.31 
A,P_HTHAB,ICCS0101,TR83	3.31 	2.31 
A,P_HTHAB,ICCS0101,TR831	3.24 	2.36 
A,P_HTHAB,ICCS0101,TR832	2.99 	1.67 
A,P_HTHAB,ICCS0101,TR833	3.41 	3.21 
A,P_HTHAB,ICCS0101,TR834	3.98 	1.79 
A,P_HTHAB,ICCS0101,TR9	1.93 	1.79 
A,P_HTHAB,ICCS0101,TR90	1.93 	1.79 
A,P_HTHAB,ICCS0101,TR901	1.41 	1.35 
A,P_HTHAB,ICCS0101,TR902	2.13 	1.84 
A,P_HTHAB,ICCS0101,TR903	3.37 	2.01 
A,P_HTHAB,ICCS0101,TR904	1.21 	2.32 
A,P_HTHAB,ICCS0101,TR905	1.19 	1.77 
A,P_HTHAB,ICCS0101,TR906	1.74 	2.12 
A,P_HTHAB,ICCS0101,TRA	2.27 	2.01 
A,P_HTHAB,ICCS0101,TRA1	1.02 	1.02 
A,P_HTHAB,ICCS0101,TRA11	1.05 	0.53 
A,P_HTHAB,ICCS0101,TRA12	1.33 	2.99 
A,P_HTHAB,ICCS0101,TRA13	0.00 	0.00 
A,P_HTHAB,ICCS0101,TRA2	3.47 	2.95 
A,P_HTHAB,ICCS0101,TRA21	4.61 	3.74 
A,P_HTHAB,ICCS0101,TRA22	3.11 	2.11 
A,P_HTHAB,ICCS0101,TRA23	0.52 	1.99 
A,P_HTHAB,ICCS0101,TRA24	4.07 	3.12 
A,P_HTHAB,ICCS0101,TRB	4.08 	2.15 
A,P_HTHAB,ICCS0101,TRB1	2.98 	2.79 
A,P_HTHAB,ICCS0101,TRB11	2.18 	2.73 
A,P_HTHAB,ICCS0101,TRB12	2.59 	2.55 
A,P_HTHAB,ICCS0101,TRB13	4.08 	3.19 
A,P_HTHAB,ICCS0101,TRB14	9.73 	3.60 
A,P_HTHAB,ICCS0101,TRB2	4.96 	1.64 
A,P_HTHAB,ICCS0101,TRB21	3.27 	1.31 
A,P_HTHAB,ICCS0101,TRB22	2.95 	1.95 
A,P_HTHAB,ICCS0101,TRB23	2.93 	2.56 
A,P_HTHAB,ICCS0101,TRB24	17.55 	1.43 
A,P_HTHAB,ICCS0101,TRC	3.93 	3.02 
A,P_HTHAB,ICCS0101,TRC1	4.16 	2.92 
A,P_HTHAB,ICCS0101,TRC11	4.91 	3.05 
A,P_HTHAB,ICCS0101,TRC12	1.97 	1.58 
A,P_HTHAB,ICCS0101,TRC13	3.06 	7.00 
A,P_HTHAB,ICCS0101,TRC2	3.79 	3.39 
A,P_HTHAB,ICCS0101,TRC21	3.35 	2.74 
A,P_HTHAB,ICCS0101,TRC22	4.30 	4.15 
A,P_HTHAB,ICCS0101,TRC3	3.85 	2.52 
A,P_HTHAB,ICCS0101,TRC31	2.89 	3.16 
A,P_HTHAB,ICCS0101,TRC32	2.95 	2.58 
A,P_HTHAB,ICCS0101,TRC33	6.61 	1.67 
A,P_HTHAB,ICCS0101,TRC34	3.72 	2.11 
A,P_HTHAB,ICCS0101,XK	1.85 	: 
